,Ship Mode,First Class,,,Same Day,,,Second Class,,,Standard Class,,
,Segment,Consumer,Corporate,Home Office,Consumer,Corporate,Home Office,Consumer,Corporate,Home Office,Consumer,Corporate,Home Office
Order ID,Order Date,,,,,,,,,,,,
CA-2011-100293,41347,,,,,,,,,,,,91.056
CA-2011-100706,41624,,,,,,,129.44,,,,,
CA-2011-100895,41427,,,,,,,,,,605.47,,
CA-2011-100916,41568,,,,,,,,,,,788.86,
CA-2011-101266,41513,,,,,,,13.36,,,,,
CA-2011-101560,41606,,,,,,,,542.34,,,,
CA-2011-101770,41364,,,,,,,,,,,1.869,
CA-2011-102274,41599,,,,,,,,,,,865.5,
CA-2011-102673,41579,,,,,,,,,,,1044.44,
CA-2011-102988,41369,,,,,,,,4251.92,,,,
CA-2011-103317,41460,,242.546,,,,,,,,,,
CA-2011-103366,41289,149.95,,,,,,,,,,,
CA-2011-103807,41610,,,,,,,,,,,21.19,
CA-2011-103989,41352,,590.762,,,,,,,,,,
CA-2011-104283,41452,,,,,,,,,,616.14,,
CA-2011-106054,41280,,12.78,,,,,,,,,,
CA-2011-106810,41408,,,,,,,,,,,310.88,
CA-2011-107573,41620,,,,,,,,,,23.472,,
CA-2011-107811,41393,,,,,,,,,,,661.504,
CA-2011-108707,41571,,,,,,,,,,,,10.368
CA-2011-109043,41501,243.6,,,,,,,,,,,
CA-2011-109232,41287,,,,,,,545.94,,,,,
CA-2011-110100,41389,,,,,,,,,,302.376,,
CA-2011-110408,41565,,,,,,,,2216.8,,,,
CA-2011-110422,41295,,,,,,,25.248,,,,,
CA-2011-111500,41503,,,,,,,,,,,484.79,
CA-2011-111934,41399,,47.32,,,,,,,,,,
CA-2011-112718,41624,,,,,,,,,,,1.167,
CA-2011-113047,41571,,,,11.85,,,,,,,,
CA-2011-113166,41632,9.568,,,,,,,,,,,
CA-2011-114314,41558,,,,,,,,,,,16.23,
CA-2011-114321,41506,,,,,,,,,,,1417.35,
CA-2011-114335,41545,,,,,,,,,,337.088,,
CA-2011-114790,41344,,,,,,,,782.63,,,,
CA-2011-115084,41565,,,,,,,,,,,605.34,
CA-2011-115357,41492,,,,,,,62.91,,,,,
CA-2011-116190,41481,,,,,,,,,,256.48,,
CA-2011-116239,41337,,,,354.9,,,,,,,,
CA-2011-116407,41593,,,,,,,,,,362.176,,
CA-2011-116568,41622,,,,,,,,,,186.304,,
CA-2011-117016,41337,,,,,,,,,,15.552,,
CA-2011-117345,41487,,,,,,,,,,,202.896,
CA-2011-117639,41415,,,,,,,,,,,3333.9,
CA-2011-120432,41510,,,,,,,,25.5,,,,
CA-2011-120670,41580,,,,,,,,,,,,799.92
CA-2011-120768,41627,,,,,,,1979.89,,,,,
CA-2011-120950,41584,,,,,,,,,,43.68,,
CA-2011-121286,41582,,,,,,,,66.616,,,,
CA-2011-122217,41602,,,,,,,,,,,,111.15
CA-2011-123400,41307,,,,,,,,,,199.296,,
CA-2011-123925,41625,,,,,,,40.05,,,,,
CA-2011-124023,41371,8.96,,,,,,,,,,,
CA-2011-124618,41396,,,,,,,479.984,,,,,
CA-2011-124688,41513,,1812.01,,,,,,,,,,
CA-2011-125136,41545,,,,,,,,,,,106.944,
CA-2011-125682,41600,,9.96,,,,,,,,,,
CA-2011-127299,41536,,,,,,,,,,2692.329,,
CA-2011-127488,41539,,,,,,,4.608,,,,,
CA-2011-127614,41316,,,,,,,,,,1508.13,,
CA-2011-128839,41525,,,,,,,,,,254.97,,
CA-2011-128846,41371,,,,,,,,,,,752.92,
CA-2011-129091,41600,,,,,,,,,,,1022.61,
CA-2011-129819,41621,,,,,,,,12.39,,,,
CA-2011-130155,41413,34.2,,,,,,,,,,,
CA-2011-130428,41364,,,,1142.165,,,,,,,,
CA-2011-130918,41508,,,,,,,7.632,,,,,
CA-2011-131527,41609,,,,,,,,,,95.968,,
CA-2011-131541,41483,,,,193.152,,,,,,,,
CA-2011-131905,41311,,321.56,,,,,,,,,,
CA-2011-132010,41560,,,389.74,,,,,,,,,
CA-2011-132612,41434,,,,,,,1441.3,,,,,
CA-2011-133634,41583,,,,,,,,,,,,47.79
CA-2011-134551,41628,,,,,,,,,,732.312,,
CA-2011-134621,41629,,,,,,,,,,,,18.24
CA-2011-136336,41385,,,,,,,,,,,828.84,
CA-2011-136567,41628,,,2884.37,,,,,,,,,
CA-2011-136861,41522,31.984,,,,,,,,,,,
CA-2011-137911,41556,,,,,,,,,,,88.768,
CA-2011-138296,41613,,,,,,,,,,24.56,,
CA-2011-138527,41529,,,,,,,,,,,192.424,
CA-2011-138709,41459,,,,,,,,,,37.44,,
CA-2011-140165,41407,,,405.456,,,,,,,,,
CA-2011-140886,41547,,,,,,,,,,69.216,,
CA-2011-142727,41393,,,,,,,69.9,,,,,
CA-2011-142951,41555,,,,23.472,,,,,,,,
CA-2011-143182,41562,,,,,,,,,,15.384,,
CA-2011-143840,41416,,,,,,,,,,180.93,,
CA-2011-145317,41351,,,,,,,,,,,,23661.228
CA-2011-145576,41531,,,,,,,26.128,,,,,
CA-2011-146731,41581,,,,,,,,,,147.344,,
CA-2011-146885,41424,,,,,,,,,,,13.62,
CA-2011-148285,41574,,,,,,,,,,,,22.32
CA-2011-148425,41608,,,,,,,,,,,6.642,
CA-2011-149020,41284,,,,,,,,,,,54.83,
CA-2011-149538,41368,,,,,,,,,,,364.93,
CA-2011-149958,41348,,,,,,,,,,370.782,,
CA-2011-151953,41537,,,,,,,,,,,2.816,
CA-2011-151967,41569,,,,,,,,,,,129.92,
CA-2011-152254,41455,,,,310.688,,,,,,,,
CA-2011-152268,41519,,,,,,,,,,1793.98,,
CA-2011-152562,41579,,,,,,,,,,,75.16,
CA-2011-152849,41460,,,,,,,,,,,4.368,
CA-2011-153087,41635,,,,,,,,,,,521.92,
CA-2011-153913,41624,,,,,,,,1015.816,,,,
CA-2011-153927,41498,286.65,,,,,,,,,,,
CA-2011-154158,41631,,,,,,,619.848,,,,,
CA-2011-155208,41380,,,,,,,,,,,39.072,
CA-2011-155390,41614,,,,,,,,,,42.208,,
CA-2011-155852,41336,,,,,,,19.456,,,,,
CA-2011-156006,41394,,,,,,,47.79,,,,,
CA-2011-156244,41498,,,,,,,,,,,,457.744
CA-2011-156790,41494,,,,,,,155.456,,,,,
CA-2011-157609,41349,,,,,,,,,471.92,,,
CA-2011-157784,41460,514.03,,,,,,,,,,,
CA-2011-158274,41597,,,,,,,,,682.91,,,
CA-2011-158470,41383,,,,,,,129.33,,,,,
CA-2011-158771,41403,,,,,158.71,,,,,,,
CA-2011-159184,41531,,,,,,,,,,149.56,,
CA-2011-159681,41615,,,,,,,,,,105.52,,
CA-2011-160094,41394,1000.95,,,,,,,,,,,
CA-2011-160276,41366,,,,,,,,,,,177.68,
CA-2011-160773,41456,,,,,,,,,,,581.104,
CA-2011-161634,41592,,,,,,,,,,32.4,,
CA-2011-162775,41287,,,,,,,,1287.26,,,,
CA-2011-163013,41606,,,,,,,,,,14.67,,
CA-2011-163223,41354,,,,,,,,,,,3769.56,
CA-2011-163293,41525,,116.85,,,,,,,,,,
CA-2011-164315,41366,,,,,,,,,,1220.67,,
CA-2011-164749,41356,9.912,,,,,,,,,,,
CA-2011-164910,41590,,,,,,,,7.872,,,,
CA-2011-165764,41581,,,,,,,,,,1395.673,,
CA-2011-165806,41371,,,,,,259.29,,,,,,
CA-2011-166051,41425,,,,,,,,,,773.7,,
CA-2011-166457,41399,,,,,,,40.54,,,,,
CA-2011-166730,41638,39.128,,,,,,,,,,,
CA-2011-167199,41280,,,,,,,,,,,,4374.88
CA-2011-167850,41495,,,,,,,,,,,193.936,
CA-2011-169257,41431,,,,,,,,,,63.381,,
CA-2011-169684,41567,,426.942,,,,,,,,,,
CA-2011-169775,41515,,,,,,,709.0425,,,,,
CA-2012-100769,41775,,,,,,255.968,,,,,,
CA-2012-100888,41735,,,,,,,,,,47.952,,
CA-2012-101868,41799,,,,,,,,,,175.32,,
CA-2012-102260,41904,,,,,,,,,,,,763.508
CA-2012-102491,41875,,,,,,,,,,3747.93,,
CA-2012-102582,41897,,,,,,,,,,1918.79,,
CA-2012-102722,41747,106.5,,,,,,,,,,,
CA-2012-102778,41964,18.176,,,,,,,,,,,
CA-2012-103093,41673,,,,,,,,,,74.52,,
CA-2012-103135,41844,,,,,,,,,,,,525.95
CA-2012-103772,41818,,,,,,,,,,,,260.31
CA-2012-103793,41724,,,,,,,,,,,74.352,
CA-2012-103870,42000,,,,,,,,,,,284.44,
CA-2012-104038,41676,,176.63,,,,,,,,,,
CA-2012-104115,41802,,,,,,,,,,55.984,,
CA-2012-104241,41643,,,,,,,,,,,192.22,
CA-2012-104941,41803,,,,,,,,,,,976.29,
CA-2012-105571,41950,,,,,,,,,,,1361.631,
CA-2012-106187,41813,,,,,,,,,,,268.4,
CA-2012-107678,41750,,,,,,,,,,893.09,,
CA-2012-108119,41944,,,,,,,,,,301.96,,
CA-2012-108259,41951,,,,,,,,,,,81.135,
CA-2012-109386,41951,,,,,,,750.93,,,,,
CA-2012-109470,42004,,,,,,,,596.48,,,,
CA-2012-109708,41784,,,,,,,,467.04,,,,
CA-2012-110247,41977,,,,,,,,,,8.226,,
CA-2012-110345,41707,,,,,,,4.608,,,,,
CA-2012-110947,41799,,,,,,,,,,,,113.1
CA-2012-111199,41956,,,,,,,,,,115.296,,
CA-2012-111703,41822,,,,,,,,,,27.504,,
CA-2012-112375,41994,,,,,,,,,,78.192,,
CA-2012-113628,41955,,,,,,,,,,,792.508,
CA-2012-114300,41925,,,,,,,,,,371.66,,
CA-2012-114503,41956,,,,,,,,,,84.96,,
CA-2012-115091,41917,,,,,,,,,,,,75.04
CA-2012-115847,41901,,,,,,,,,61.96,,,
CA-2012-115938,41816,,,,,,,,,,535.36,,
CA-2012-116638,41667,,,,,,,4297.644,,,,,
CA-2012-116750,41825,,,,,,,,12.158,,,,
CA-2012-117828,41996,194.32,,,,,,,,,,,
CA-2012-117884,41720,,,,598.352,,,,,,,,
CA-2012-118444,41948,,,,,,,,,,387.136,,
CA-2012-118843,41895,,,,,,,,,,199.86,,
CA-2012-119480,41648,,,,,,,,,,364.07,,
CA-2012-119592,41987,,,,,,,,3.76,,,,
CA-2012-119634,41862,,,,,,,,,,46.152,,
CA-2012-120516,41864,,,,,,,,,,5.64,,
CA-2012-120621,41719,,,,,,,,,,1270.379,,
CA-2012-120845,41907,,,,,,,,,,,22.549,
CA-2012-121552,41720,,,,,,,,,,,19.56,
CA-2012-121720,41801,,3165.744,,,,,,,,,,
CA-2012-122168,41872,,,,,,,,,,,53.28,
CA-2012-122266,41755,,,,,,,,,,194.1395,,
CA-2012-123092,41976,,,,,,,,,,288.85,,
CA-2012-123330,41811,,,,,,,,,,107.976,,
CA-2012-125066,41987,,,,,,,,,,,62.46,
CA-2012-125563,41740,,,,,,,,,,121.888,,
CA-2012-125696,41914,,,,,,,,,,,,7.38
CA-2012-125976,41909,,,,,,,,,,2026.78,,
CA-2012-128027,41896,,,,,,,269.49,,,,,
CA-2012-128083,41710,,,,,,,,,,,45.976,
CA-2012-128139,41823,,,,,,,,,,365.91,,
CA-2012-128958,41663,,,,,,,,,,,,13.12
CA-2012-129098,41921,,,,,,,,,,30.84,,
CA-2012-130218,41721,59.48,,,,,,,,,,,
CA-2012-131422,41948,,,,,,,,,,,207,
CA-2012-132318,41942,182.91,,,,,,,,,,,
CA-2012-133242,41808,,,,,,,,,,1046.47,,
CA-2012-133396,41864,,64.68,,,,,,,,,,
CA-2012-133977,41888,,,,,,,,,3.444,,,
CA-2012-134257,41714,,,,,,,498.93,,,,,
CA-2012-134719,41922,,,,,,,,,,1801.632,,
CA-2012-134782,42000,,,,,,,,,,105.42,,
CA-2012-134894,41980,,,,,,,,,,436.86,,
CA-2012-134992,41904,,,,,,,,,80.38,,,
CA-2012-135510,41887,,,,,,,,,,,,67.96
CA-2012-136147,41956,,,,,,,,,,233.064,,
CA-2012-136224,41790,,,,10.272,,,,,,,,
CA-2012-137106,41729,,,,,,,,,,,79.96,
CA-2012-137281,41803,,,,,,,,,,,6.48,
CA-2012-137974,41745,2298.9,,,,,,,,,,,
CA-2012-138457,41895,,,,,,,,,,13.092,,
CA-2012-138625,41945,197.72,,,,,,,,,,,
CA-2012-140718,41822,,246.364,,,,,,,,,,
CA-2012-140830,41973,,,,,,,,,89.36,,,
CA-2012-141145,41899,,,,,,,,,,87.168,,
CA-2012-141327,41973,440.144,,,,,,,,,,,
CA-2012-141565,41902,,,,,,,,,,1664.132,,
CA-2012-141754,41993,,,,,,,,,,,,11.696
CA-2012-142202,41900,,,,,,,,717.12,,,,
CA-2012-142755,41886,,,,,,,,,,919.49,,
CA-2012-143119,41906,,,,,,,,,,517.5,,
CA-2012-143532,41717,,,,,,,,,,14.496,,
CA-2012-144288,41998,,,,,,,,,,19.584,,
CA-2012-145324,41958,,,,,,,,,,,,39.96
CA-2012-145352,41714,,,,,,,,,,6412.77,,
CA-2012-147011,41808,,,,,,,,,,,13.632,
CA-2012-147102,41901,,,,,,,,,,,66.36,
CA-2012-147529,41677,,,,,,,,,,,324.11,
CA-2012-147879,41766,,,,,,,,,,45.68,,
CA-2012-148705,41710,,,,,,,,,,5.04,,
CA-2012-149300,41965,32.985,,,,,,,,,,,
CA-2012-149342,41749,,,,,,,,,,,896.31,
CA-2012-149734,41885,,,,,,,,,,,200.984,
CA-2012-150308,41988,,,,,,,,,,,246.168,
CA-2012-150560,41984,196.62,,,,,,,,,,,
CA-2012-150749,41727,,,,,,,5.56,,,,,
CA-2012-151547,41656,,,,,,,,,,88.96,,
CA-2012-151624,41890,,,,,,,,,,,21.36,
CA-2012-153038,41991,,,,,,,,,,,94.688,
CA-2012-153325,41699,,,,,,,58.72,,,,,
CA-2012-153535,41779,,,,,,,,,,169.544,,
CA-2012-153549,41727,,,,,,,,,1166.92,,,
CA-2012-153626,41829,,,,,,,,,,5.16,,
CA-2012-153752,41979,,,,,,,173.94,,,,,
CA-2012-154291,41845,,,,,,,,,,,457.04,
CA-2012-154746,41957,,860.07,,,,,,,,,,
CA-2012-154921,41782,,,,,,,,,,,186.69,
CA-2012-155068,41935,,,,78.456,,,,,,,,
CA-2012-155453,41860,,,,,,,,,,,4.608,
CA-2012-155600,41977,,,,,,,1635.018,,,,,
CA-2012-155635,41768,,,,,,,,,,48.81,,
CA-2012-156328,41973,,,,,,,,,,177.48,,
CA-2012-156734,41808,,670.001,,,,,,,,,,
CA-2012-158148,41993,,,,,,,,,,36.27,,
CA-2012-158323,41973,,17.088,,,,,,,,,,
CA-2012-158421,41903,,,,,,,,,,3631.96,,
CA-2012-160059,41970,,,,,,,,,,,,6.24
CA-2012-160696,41888,,,,,,,,,,,7.24,
CA-2012-161445,41889,,,,,,,,140.736,,,,
CA-2012-161998,41760,,,,,,,,,,,277.632,
CA-2012-162201,41798,,,,,,,,,,,937.608,
CA-2012-162537,41940,,,,,,,,,,104.51,,
CA-2012-162761,41921,,,,,,,,,,50.462,,
CA-2012-163237,41858,,,,,,,,520.03,,,,
CA-2012-163923,41789,,,,,,,,,,,,151.96
CA-2012-163965,41963,,,,,,,,,,377.902,,
CA-2012-164427,41851,,,,,,,,,,,239.7,
CA-2012-165414,41994,47.976,,,,,,,,,,,
CA-2012-165624,41874,,,,,,,,,,1142.43,,
CA-2012-166604,41774,,,,,,,,17.94,,,,
CA-2012-166975,41969,,,,,,,,,,,692.472,
CA-2012-167696,41898,,,,,,,,,,31.12,,
CA-2012-168004,41916,,,,,,,,392.94,,,,
CA-2012-168459,41965,,,,,,,,,,58.05,,
CA-2012-169572,41888,,,,,,,,,,,46.62,
CA-2012-169677,41652,,,,,,,,9.82,,,,
CA-2012-169733,41934,,,,,,,9.952,,,,,
CA-2012-169740,41690,,,,,,,,,,29.99,,
CA-2013-100307,42354,,,,,,,,,,,,19.44
CA-2013-101378,42200,,,,29,,,,,,,,
CA-2013-101469,42188,,,,,,,,,,7.7,,
CA-2013-101525,42126,,,,,,,140.52,,,,,
CA-2013-102092,42348,1056.86,,,,,,,,,,,
CA-2013-102162,42259,,,,,,,,,,1611.01,,
CA-2013-102498,42210,73.2,,,,,,,,,,,
CA-2013-104157,42211,,,,,,,,,,2503.47,,
CA-2013-104276,42336,,,,,,,,,,447.783,,
CA-2013-105256,42145,,,,1363.96,,,,,,,,
CA-2013-105662,42130,,,,,,,,,,,,270.728
CA-2013-105753,42298,,,,,,,,,,,,61.1
CA-2013-106558,42021,,,,,,,,,,,316,
CA-2013-106894,42042,,,,107.83,,,,,,,,
CA-2013-106950,42250,,,,,,,,,,1854.241,,
CA-2013-108105,42051,,,,,,,,,,323.88,,
CA-2013-108567,42145,,,,,,,,,,2.694,,
CA-2013-108616,42277,,,,,,,,,,298.83,,
CA-2013-109344,42043,,,,,,,,,1127.976,,,
CA-2013-109407,42028,,,,,,,,31.36,,,,
CA-2013-109722,42344,,,,,,,1284.8,,,,,
CA-2013-109743,42270,,,,,,,,,,,104.712,
CA-2013-109911,42137,,,,,,,,,,,10.96,
CA-2013-110254,42221,,,,,,,,,,,,158.81
CA-2013-110492,42047,1366.04,,,,,,,,,,,
CA-2013-111409,42266,,,,,,,,,,3,,
CA-2013-111605,42366,,,,,,,,,,2.61,,
CA-2013-112102,42107,,,,,,,,,,448.81,,
CA-2013-112277,42258,,,,,,,,,,,519.68,
CA-2013-112676,42130,,14.352,,,,,,,,,,
CA-2013-112697,42357,,,,,,,,1410.066,,,,
CA-2013-113236,42151,,,,,,,,232.624,,,,
CA-2013-113292,42082,,,,,,,871.8,,,,,
CA-2013-113733,42347,,,,,,,,,,334.256,,
CA-2013-113747,42153,,,,,,,,,,185.88,,
CA-2013-113831,42155,,,,,,,,,,,4317.3,
CA-2013-113845,42329,,,,,,,,,,,574.056,
CA-2013-114713,42193,,,,,,,,,,,45.584,
CA-2013-115504,42076,,,,,,,,,,,12.96,
CA-2013-116232,42270,,,,,,,,,,24.066,,
CA-2013-116764,42244,,,,,,,,,,,9.216,
CA-2013-116918,42279,,,,,,,36.364,,,,,
CA-2013-117604,42252,,,,,,,,,,239.5,,
CA-2013-118073,42229,,,,,,,,,,,562.2925,
CA-2013-118178,42083,,,,,,,,,,,31.086,
CA-2013-118514,42038,,,,,,,,,,866.4,,
CA-2013-118626,42232,,,,,,,,,,705.544,,
CA-2013-118934,42226,,,,,,,,,,,,16.218
CA-2013-119074,42091,,,,,,,,,,,92.7,
CA-2013-119515,42231,15.552,,,,,,,,,,,
CA-2013-119823,42160,75.88,,,,,,,,,,,
CA-2013-120873,42305,,,,,,,290.98,,,,,
CA-2013-121020,42302,,,,,,,,,,,,239.976
CA-2013-121958,42322,,,,,,,,,,52.136,,
CA-2013-122518,42068,,,,,,,,10.08,,,,
CA-2013-123176,42275,,,,,,,31.83,,,,,
CA-2013-123414,42238,,,,,,,,,,,,37.264
CA-2013-123533,42333,,,,,,,,,,,,392.832
CA-2013-123617,42337,,,,,,,,,,,7.434,
CA-2013-123946,42260,,,,,,,,,,,1159.06,
CA-2013-124254,42107,,,,,,,,,,,191.808,
CA-2013-124772,42344,191.82,,,,,,,,,,,
CA-2013-125017,42041,,,,,,,,,,,132.224,
CA-2013-125843,42230,125.92,,,,,,,,,,,
CA-2013-127208,42168,,224.9,,,,,,,,,,
CA-2013-127698,42340,,,,863.928,,,,,,,,
CA-2013-127985,42096,,,,,,,,,7.04,,,
CA-2013-130001,42118,,,,,,,,,,,36.24,
CA-2013-130442,42355,34.944,,,,,,,,,,,
CA-2013-130820,42324,,,,,630.024,,,,,,,
CA-2013-131065,42323,,,,,,,513.52,,,,,
CA-2013-131205,42252,,,,,,,,,,291.74,,
CA-2013-131968,42320,,,,,,,,,,,,681.432
CA-2013-132549,42334,,,,,,,,,,73.36,,
CA-2013-133123,42254,,,,,,,,,,99.156,,
CA-2013-133368,42018,,,,,,,,,,405.344,,
CA-2013-133711,42335,,3236.41,,,,,,,,,,
CA-2013-133872,42170,58.4,,,,,,,,,,,
CA-2013-134208,42265,,,,,,,,,,396,,
CA-2013-134474,42009,,,,,,,,255.904,,,,
CA-2013-134516,42268,,,,,,,,,,,115.48,
CA-2013-134789,42103,,,,,,,,,,,,215.84
CA-2013-135636,42286,,,,,,,,,,387.72,,
CA-2013-136126,42149,,,,,,261.1,,,,,,
CA-2013-136231,42253,,,,,,,228.586,,,,,
CA-2013-136322,42299,,,,,,,,,,,,74.32
CA-2013-136483,42340,,,,,,,,,,4.704,,
CA-2013-137043,42362,,,,,,,859.14,,,,,
CA-2013-137736,42319,,,,,,,,,,41.86,,
CA-2013-138695,42153,,,,,,,,,,,452.464,
CA-2013-139269,42150,,,,,,,,,,,,1311.97
CA-2013-139381,42113,,,,,,,,,,233.48,,
CA-2013-139689,42368,,,,,,,,,,,40.896,
CA-2013-140543,42185,,,,,,,191.88,,,,,
CA-2013-140571,42079,,,,,,,,,,,,365.44
CA-2013-140641,42306,,,,,,,,,,38.19,,
CA-2013-140928,42266,,,,,,,,,,,383.438,
CA-2013-140977,42172,,,,,,,,,91.475,,,
CA-2013-141180,42140,,,,,,,7.764,,,,,
CA-2013-142097,42293,,,,,,,,,,,342.76,
CA-2013-142370,42267,,,,,,,,,,254.99,,
CA-2013-142895,42207,,,,,,,,,,370.184,,
CA-2013-143308,42313,,,,10.74,,,,,,,,
CA-2013-143805,42340,,,,,,,,2145.25,,,,
CA-2013-144344,42306,,,,314.393,,,,,,,,
CA-2013-145247,42130,79.14,,,,,,,,,,,
CA-2013-145499,42155,3.282,,,,,,,,,,,
CA-2013-145709,42282,,,,,,,,,,,64.248,
CA-2013-145905,42266,,,,,,,,,,1264.14,,
CA-2013-146143,42353,,,,,,,,,,133.38,,
CA-2013-146150,42049,,,,,,,,,,264.18,,
CA-2013-146171,42075,,,,,,,,,,,,558.24
CA-2013-147368,42165,695.7,,,,,,,,,,,
CA-2013-148684,42364,,,,,,,,,,870.04,,
CA-2013-149111,42112,,,,,,,,,55.416,,,
CA-2013-149454,42211,,,10.44,,,,,,,,,
CA-2013-149783,42252,,,,,,,131.104,,,,,
CA-2013-149979,42271,,,,,,,487.22,,,,,
CA-2013-150000,42103,,,,,,,,,,17.92,,
CA-2013-151155,42359,,,,,,,,,,,,34.34
CA-2013-152156,42317,,,,,,,993.9,,,,,
CA-2013-152163,42187,,,,85.5,,,,,,,,
CA-2013-152471,42194,,,,839.944,,,,,,,,
CA-2013-153318,42303,,783.96,,,,,,,,,,
CA-2013-154060,42127,,,,,,,,,,187.056,,
CA-2013-154403,42148,,,,,,,,,,,,4.98
CA-2013-154690,42232,,,,,,,225.296,,,,,
CA-2013-155138,42256,,,,,,,,,,99.872,,
CA-2013-155439,42262,,,,,,,,,,,,25.92
CA-2013-155670,42230,,,,,,,21.504,,,,,
CA-2013-156503,42292,,,,,,,,,,305.248,,
CA-2013-156573,42154,,,,,,,,,,60.485,,
CA-2013-157161,42202,,,,,,,,199.18,,,,
CA-2013-157245,42144,,,,,,,,,,641.96,,
CA-2013-157280,42314,1120.73,,,,,,,,,,,
CA-2013-157364,42328,18.48,,,,,,,,,,,
CA-2013-157588,42200,,,,,,,,,,88.15,,
CA-2013-157763,42204,,,,,,,,,,,140.81,
CA-2013-158841,42037,,,,,,,8805.04,,,,,
CA-2013-159142,42099,,,177.78,,,,,,,,,
CA-2013-159212,42310,,,,,,,,,,,,273.59
CA-2013-159653,42147,,,,14.73,,,,,,,,
CA-2013-159765,42134,,,,,,,27.86,,,,,
CA-2013-159891,42035,,,,,,,,,,,,1396.35
CA-2013-159989,42348,,,,,,,,,,40.68,,
CA-2013-160234,42182,,,,,,,,,,135.95,,
CA-2013-160486,42369,,,,,,,,,,72.224,,
CA-2013-160598,42243,,31.008,,,,,,,,,,
CA-2013-162159,42264,,,121.78,,,,,,,,,
CA-2013-162236,42313,,,,,,,,1106.924,,,,
CA-2013-162355,42186,,,,,,,1302.83,,,,,
CA-2013-162747,42084,,,,,,,,86.45,,,,
CA-2013-162901,42092,,31.4,,,,,,,,,,
CA-2013-163167,42337,,,,,,,,2673.69,,,,
CA-2013-163174,42243,,,,,,,,,,186.54,,
CA-2013-163776,42205,,,,,,,,,,1110.5,,
CA-2013-164350,42258,,,,,,,,,67.56,,,
CA-2013-164574,42215,,,,,,,,,,732.156,,
CA-2013-164735,42109,,,,,,,81.2,,,,,
CA-2013-164784,42126,377.346,,,,,,,,,,,
CA-2013-165316,42209,,,,,,,,,,,324.387,
CA-2013-165470,42334,,,,,,,,,,,,5.08
CA-2013-165827,42313,,,,,,,,,,,50.496,
CA-2013-166282,42111,,,,,,,,,,158.256,,
CA-2013-166380,42155,,,,,,,,,,,138.53,
CA-2013-166485,42055,,,,,,,,,,16.496,,
CA-2013-168536,42359,,,,,,,,,,66.3,,
CA-2013-168753,42154,,,,,,,1002.7,,,,,
CA-2013-168893,42312,,,,,,,903.77,,,,,
CA-2013-169026,42225,,,,,,,,,,,,23.34
CA-2013-169103,42072,,,,,,,,,,1466.32,,
CA-2013-169334,42299,,,,,,,111.672,,,,,
CA-2014-100412,42726,,,,,,,,,,,,141.96
CA-2014-100426,42525,,,,,,,,,,12.48,,
CA-2014-100622,42677,,,,,,,,,,1030.742,,
CA-2014-100902,42691,,,,,,,,,,699.4,,
CA-2014-101042,42693,,,,,,,,,,843.84,,
CA-2014-101210,42607,,,,,,,13.152,,,,,
CA-2014-101273,42609,,,,,,,14.336,,,,,
CA-2014-101483,42580,,,,,,,61.216,,,,,
CA-2014-102204,42491,,,,,,,,,,3740.51,,
CA-2014-102309,42636,,,,,,,212.91,,,,,
CA-2014-102554,42532,,,,,,,,,,,,3.76
CA-2014-102610,42678,,,,,,,,,,248.396,,
CA-2014-102736,42618,,,,,,,,,,177.08,,
CA-2014-103009,42677,,,,,,,,26.4,,,,
CA-2014-103065,42663,,,,59.824,,,,,,,,
CA-2014-103212,42656,1541.51,,,,,,,,,,,
CA-2014-103499,42694,,,,,,,,,,209.568,,
CA-2014-104318,42503,,,,,,,,,,,20.768,
CA-2014-104731,42572,,,,,,,,,,951.98,,
CA-2014-104864,42692,,,,,,,,552.856,,,,
CA-2014-105620,42729,141,,,,,,,,,,,
CA-2014-106537,42594,,,,,,,,,,20.736,,
CA-2014-107167,42531,,,,,,,,,,,1347.52,
CA-2014-107209,42578,,,,,,,194.848,,,,,
CA-2014-107461,42725,,,,,,,23.88,,,,,
CA-2014-108035,42703,,,,,,,,,,491.888,,
CA-2014-108112,42689,,,,,,,,,,559.2,,
CA-2014-108287,42722,12.672,,,,,,,,,,,
CA-2014-108322,42490,,,,,,,,,,,26.056,
CA-2014-109183,42708,,,,,,,,,,649,,
CA-2014-109589,42725,71,,,,,,,,,,,
CA-2014-110198,42491,318.96,,,,,,,,,,,
CA-2014-110212,42491,,,,,,,,,,,,48.9
CA-2014-110310,42670,,,,,,,,,,,68.967,
CA-2014-110926,42693,,,,,,,,,,25.06,,
CA-2014-112774,42624,34.504,,,,,,,,,,,
CA-2014-113481,42372,,740.214,,,,,,,,,,
CA-2014-113558,42664,,,,,,,,,,,,729.648
CA-2014-113705,42456,,,,,,,874.8,,,,,
CA-2014-114055,42729,,,,,,,,,819.28,,,
CA-2014-114412,42475,,,,,,,,,,15.552,,
CA-2014-114636,42607,,,,,,,,,,192.16,,
CA-2014-115070,42470,,,,,,,,16.739,,,,
CA-2014-115448,42685,88.92,,,,,,,,,,,
CA-2014-115882,42627,,1017.136,,,,,,,,,,
CA-2014-116113,42645,,,,,,,,10.16,,,,
CA-2014-116855,42721,,,,,,,,,,504.9,,
CA-2014-116939,42638,,,,,,,,,,177.55,,
CA-2014-117079,42666,,,,,,,,,,863.88,,
CA-2014-117198,42613,,,,,,,,,,659.9,,
CA-2014-117695,42587,,13.76,,,,,,,,,,
CA-2014-118402,42642,,,,,,,,,,243.92,,
CA-2014-119004,42697,,,,,,,,,,105.408,,
CA-2014-119284,42536,,,,,,,,,,,2942.784,
CA-2014-119305,42704,,,,,,,,,,173.8,,
CA-2014-119669,42394,,,,,,,,,,5.67,,
CA-2014-120705,42618,,,,,,,,,,,,147.184
CA-2014-120894,42488,,,,,,,,,,28.08,,
CA-2014-121314,42636,251.64,,,,,,,,,,,
CA-2014-121419,42462,,,771.8,,,,,,,,,
CA-2014-121804,42432,,,,,,,,,,72.8,,
CA-2014-121818,42694,52.696,,,,,,,,,,,
CA-2014-122056,42534,,,,,,,,,,181.86,,
CA-2014-122154,42469,284.19,,,,,,,,,,,
CA-2014-122693,42420,,,,,,,,1245.86,,,,
CA-2014-122707,42476,,503.22,,,,,,,,,,
CA-2014-122987,42598,,,,80.564,,,,,,,,
CA-2014-122994,42407,359.97,,,,,,,,,,,
CA-2014-123239,42578,,,,,,,91.032,,,,,
CA-2014-123351,42634,,,,,,,,,,80.48,,
CA-2014-123687,42516,,234.2,,,,,,,,,,
CA-2014-124296,42728,,,,,,,,,,712.85,,
CA-2014-124597,42490,,,,,,,,,,,,32.088
CA-2014-124765,42699,,,,,,,,,,723.92,,
CA-2014-124828,42554,,9.552,,,,,,,,,,
CA-2014-124898,42624,,,,,,,,,,,,184.66
CA-2014-125472,42520,253.86,,,,,,,,,,,
CA-2014-125745,42551,,,,,,,,,,,19.52,
CA-2014-125752,42582,,,,,,,,,,,,41.424
CA-2014-126046,42677,,,,,,,,,,,12.39,
CA-2014-126354,42404,,,,,,,,,,119.178,,
CA-2014-126382,42524,,,,,,,,,,,35.168,
CA-2014-126774,42475,4.89,,,,,,,,,,,
CA-2014-126914,42536,,,,,,,,,,776.08,,
CA-2014-127306,42384,,,,,,,,,,175.086,,
CA-2014-127516,42732,,,,,,,,,,,,64.784
CA-2014-127726,42624,,,,,,,209.88,,,,,
CA-2014-127803,42509,,,,,,,,,,,26.16,
CA-2014-128300,42698,,,,,,,,406.94,,,,
CA-2014-128363,42595,,,,,,,,,,2382.926,,
CA-2014-128475,42608,,,,,,,,,,,,71.98
CA-2014-128629,42561,,,,,,,18.84,,,,,
CA-2014-128699,42707,,,,,,,47.992,,,,,
CA-2014-128755,42494,,,,,,,,,,629.86,,
CA-2014-128769,42620,,,,,,,,,,,81.568,
CA-2014-129021,42605,,,,,,,4590.344,,,,,
CA-2014-129028,42461,,127.95,,,,,,,,,,
CA-2014-129462,42537,,,,,,,740.59,,,,,
CA-2014-129490,42639,,,,,,,,,,,,419.136
CA-2014-129910,42459,,,,,,,,,,,,59.76
CA-2014-130309,42721,,,,,,,,,,544.38,,
CA-2014-130834,42677,,,,,,,16.272,,,,,
CA-2014-130904,42471,,,,,,,,,,22.744,,
CA-2014-132185,42701,,,,,,,,,,52.344,,
CA-2014-132213,42485,,,109.968,,,,,,,,,
CA-2014-133095,42525,,,,,,117.62,,,,,,
CA-2014-133235,42583,271.96,,,,,,,,,,,
CA-2014-133263,42460,,,,,,,,3098.61,,,,
CA-2014-133501,42609,,,,,,,,,,5.184,,
CA-2014-133641,42504,,,,,,,,,,48.69,,
CA-2014-133928,42532,,,,,,,,,,4.572,,
CA-2014-134096,42637,,,,,,,,,,,,399.53
CA-2014-134495,42461,,,,,,,,269.4,,,,
CA-2014-134649,42396,,,,,,,,22.63,,,,
CA-2014-134810,42499,,272.232,,,,,,,,,,
CA-2014-135587,42711,,,,,,,,,,372.64,,
CA-2014-136826,42537,,,,,,,,,,,14.016,
CA-2014-137631,42488,,,,,,,,,,751.984,,
CA-2014-138779,42384,29.664,,,,,,,,,,,
CA-2014-138975,42509,,,,,,,,,,2361.52,,
CA-2014-139353,42671,,,,,,,273.088,,,,,
CA-2014-139493,42626,,,,,,,,,,15.92,,
CA-2014-139619,42632,,,,,,,,,,,95.616,
CA-2014-139787,42632,,,,,,,,,,,,35.4
CA-2014-139948,42568,,,,,,,,,,7.904,,
CA-2014-140088,42518,,,,,,,301.96,,,,,
CA-2014-140627,42727,,,,,,,,,,303.32,,
CA-2014-140872,42524,,,,,,,,,,1111.698,,
CA-2014-141446,42629,,,,,,,,,18,,,
CA-2014-141614,42526,,,,,,,,,,,20.736,
CA-2014-142090,42704,,,,,,,,,,2165.658,,
CA-2014-142671,42684,,,,,,,,,11.52,,,
CA-2014-143567,42676,,,,,,,,3291.07,,,,
CA-2014-143756,42706,701.96,,,,,,,,,,,
CA-2014-143861,42533,,,,,,,,,,17.088,,
CA-2014-144365,42667,,,,,,,,,,11.68,,
CA-2014-144456,42621,,,220.056,,,,,,,,,
CA-2014-144498,42496,,,,817.829,,,,,,,,
CA-2014-144694,42637,,,,,,,253.824,,,,,
CA-2014-145275,42462,,,,,,,,,,14.94,,
CA-2014-145310,42726,,,,,,,7.824,,,,,
CA-2014-145702,42509,,,,,,,,342.24,,,,
CA-2014-145737,42628,,,,,,,,,,163.96,,
CA-2014-146136,42616,,,,,,,,,,24.448,,
CA-2014-146192,42482,,,,,,,,,,675.06,,
CA-2014-146458,42693,,,,,,,22.96,,,,,
CA-2014-146535,42698,,,,,,,,,,,,1446.84
CA-2014-146983,42615,,,,,,,,,,1577.94,,
CA-2014-147228,42622,,,,,,,,,,458.984,,
CA-2014-147333,42718,,,,,,,,,,,204.55,
CA-2014-147361,42622,,,,,,,,,,,685.26,
CA-2014-147760,42678,,1883.724,,,,,,,,,,
CA-2014-148166,42664,,,,,,,,,,,,17.856
CA-2014-148404,42650,,,,,,,,,,,,1027.21
CA-2014-148474,42533,,,,,,,,,,,,544.14
CA-2014-148810,42547,,,,,,,,,,,287.424,
CA-2014-148922,42714,,,,,,,,,684.78,,,
CA-2014-148999,42400,,,,,,,,,,419.136,,
CA-2014-149146,42655,,,,,,7.968,,,,,,
CA-2014-149853,42646,,,,,,,,,,33.472,,
CA-2014-150910,42726,,,,,,,,,,1090.348,,
CA-2014-150931,42376,,,,,,,,,,,,33.74
CA-2014-151211,42599,,,,,,,,,,,,201.09
CA-2014-151218,42541,4.464,,,,,,,,,,,
CA-2014-151855,42517,,,,,,,,,,,39.252,
CA-2014-152786,42441,,,,,,,,,,40.41,,
CA-2014-152968,42516,,,,,,,,,,23.08,,
CA-2014-153339,42677,,,,,,,,15.992,,,,
CA-2014-153654,42698,,,,,,,,19.008,,,,
CA-2014-154088,42686,,,,,,,,,,26.72,,
CA-2014-154123,42694,,,,,,,,,,,,27.58
CA-2014-154816,42680,,,,,,,,,,,5.78,
CA-2014-155089,42706,,,,,,,,,,,,45.66
CA-2014-155159,42699,,,,,,,48.87,,,,,
CA-2014-155292,42673,,,204.98,,,,,,,,,
CA-2014-155698,42437,,668.54,,,,,,,,,,
CA-2014-155705,42603,,,,,,,866.4,,,,,
CA-2014-155824,42439,,,,,,,,,,,61.876,
CA-2014-156272,42450,,,,,,,,,,,64.384,
CA-2014-156769,42496,54.66,,,,,,,,,,,
CA-2014-157854,42468,,,,,,,,,,,2747.25,
CA-2014-157931,42630,,,,,,,,,830.24,,,
CA-2014-158386,42659,,,,,,,,,,124.75,,
CA-2014-158407,42525,,,,,,,,,,,103.968,
CA-2014-158561,42685,,,,,,,,1158.12,,,,
CA-2014-158729,42723,1665.62,,,,,,,,,,,
CA-2014-158743,42663,,,,,,,,,,199.17,,
CA-2014-158883,42523,,,,25.344,,,,,,,,
CA-2014-158967,42714,19.104,,,,,,,,,,,
CA-2014-159100,42659,,,,,,,,,,,1893.786,
CA-2014-159135,42678,,,,,,,,,,,,4.3
CA-2014-159464,42508,,524.85,,,,,,,,,,
CA-2014-159667,42683,,,,,,,,,,,,691.144
CA-2014-159954,42623,,,,,,,,,,2.78,,
CA-2014-160017,42641,,,,,,,,,,,10.368,
CA-2014-160423,42391,,,,,,,,,,,,383.992
CA-2014-160458,42517,,,,,,,25.92,,,,,
CA-2014-160724,42495,,,,,,,,,,,34.5,
CA-2014-160899,42593,,,,,,,,,477.51,,,
CA-2014-161046,42434,,,,,839.25,,,,,,,
CA-2014-161053,42635,726.91,,,,,,,,,,,
CA-2014-161088,42515,,,,,,,,,,,,29.84
CA-2014-161130,42677,,,,,,,,,,,361.376,
CA-2014-161200,42588,,,,,,,161.14,,,,,
CA-2014-161592,42466,,,,,,,,,,,8.1,
CA-2014-161851,42475,,15.57,,,,,,,,,,
CA-2014-161970,42635,,,,,,,,,,30.9,,
CA-2014-162033,42455,,,,,,,,,,,,57.01
CA-2014-162173,42669,,,,,,,,,,608.43,,
CA-2014-162635,42652,10.816,,,,,,,,,,,
CA-2014-163321,42589,,,,,,,79.992,,,,,
CA-2014-163335,42637,79,,,,,,,,,,,
CA-2014-163510,42729,,,,,,,400.39,,,,,
CA-2014-163629,42691,,,,,,,,,,,286.09,
CA-2014-164756,42631,,,,,,,,,,,997.83,
CA-2014-164917,42706,,,,,,,,,,,47.96,
CA-2014-165029,42700,,,,,,,,,,,12.84,
CA-2014-165204,42687,,,,,,,728.968,,,,,
CA-2014-165687,42691,,,,,,,,,,35.04,,
CA-2014-165715,42706,,,,,,,,,,32.776,,
CA-2014-165904,42467,,,,,,,,,,,,235.44
CA-2014-167871,42692,,,,,,,,,,47.328,,
CA-2014-167941,42680,,,,,,,831.368,,,,,
CA-2014-168102,42484,,,,,,,,,,,113.568,
CA-2014-168389,42715,,,,,,,,,,,873.811,
CA-2014-169005,42676,,,,,,,,,,5.56,,
CA-2014-169012,42561,,,,,,,,,,,41.91,
US-2011-102715,41375,,,,,,,737.2,,,,,
US-2011-107405,41354,,,,,,,,,,,16.272,
US-2011-109162,41433,,,,,,,,,,,170.352,
US-2011-114377,41583,,,,149.9,,,,,,,,
US-2011-115196,41526,,,,,,,,,,1299.99,,
US-2011-117135,41446,,,,,,,425.67,,,,,
US-2011-117170,41534,,,,,,,,,,52.608,,
US-2011-118997,41372,,,,,,,,,,,1215.92,
US-2011-125521,41347,,,,,,,,,,,,1139.92
US-2011-130358,41448,23.12,,,,,,,,,,,
US-2011-138835,41527,,,,,,,,,,,,9.64
US-2011-143581,41505,,,,,,,,,,,344.91,
US-2011-147627,41294,,,,,,,,,,1859.4,,
US-2011-147774,41294,,,,,,,,,,,67.194,
US-2011-150574,41627,,,,,,,,,,252.612,,
US-2011-155502,41300,,,,,,,,,,,,944.61
US-2011-155544,41354,,,,,,,,,,310.528,,
US-2011-155817,41550,,,,,,,,,,,,67.76
US-2011-156216,41530,,,,,,,,,,,18.648,
US-2011-156559,41505,,,,,,,,,,638.82,,
US-2011-157231,41369,,,,,,,,,,,115.36,
US-2011-158057,41355,,,,,,,,,,59.109,,
US-2011-164763,41350,,,,,,,,,,,103.5,
US-2011-165659,41426,,,,,,,,,,904.13,,
US-2011-167633,41547,,,,,,,,,,15.552,,
US-2012-106495,41805,11.672,,,,,,,,,,,
US-2012-108966,41923,,,,,,,,,,979.9455,,
US-2012-112508,41722,,,,,,,,,,,6.992,
US-2012-113327,41785,,,,,,,,,352.168,,,
US-2012-120572,41984,,,,,,,,,,12.828,,
US-2012-123960,41801,,,,,,,,,,207.82,,
US-2012-129553,41847,,,,,,,,,,29.97,,
US-2012-130519,41897,,,,,111.904,,,,,,,
US-2012-131842,41978,,97.424,,,,,,,,,,
US-2012-134026,41755,,,,,,,,,,1001.76,,
US-2012-136476,41734,,,,,,,,,,,157.794,
US-2012-136749,41998,,,,,,,433.78,,,,,
US-2012-140851,41833,,,,,,,,38.88,,,,
US-2012-145436,41698,,,,,,,,,,551.264,,
US-2012-148817,41974,,,,,,,,,,,125.64,
US-2012-149629,41837,,,,,,,,231.92,,,,
US-2012-151435,41888,,,,,,,85.98,,,,,
US-2012-158911,41825,,,,,,,,,,,16.712,
US-2012-164357,41968,,,,,,,,,,13.12,,
US-2012-168732,41983,,,,,,,,,,129.64,,
US-2012-168935,41970,,,,,,,,,,459.4335,,
US-2013-101616,42251,,87.28,,,,,,,,,,
US-2013-102232,42222,,,,,,,,,,,197.05,
US-2013-106600,42103,354.9,,,,,,,,,,,
US-2013-108504,42040,,,,,,2075.51,,,,,,
US-2013-108637,42077,,,,,,,,,,,,334.2
US-2013-109260,42274,,,,,,,,,,,,431.976
US-2013-113649,42226,645.136,,,,,,,,,,,
US-2013-116400,42300,39.92,,,,,,,,,,,
US-2013-119298,42334,59.98,,,,,,,,,,,
US-2013-120929,42082,,,,,,,189.882,,,,,
US-2013-121013,42253,,,,,,,,,,1678,,
US-2013-123750,42110,,,,,,,,,,,,895.06
US-2013-131891,42215,2.214,,,,,,,,,,,
US-2013-132857,42350,,,,,,,,,,6.672,,
US-2013-134761,42339,,,,36.192,,,,,,,,
US-2013-135209,42368,,,,,,,,,62.752,,,
US-2013-135923,42026,,,,,,,,,,530.272,,
US-2013-137295,42012,,,,,,,,,,187.228,,
US-2013-138408,42327,,,,,,,,1319.96,,,,
US-2013-139262,42056,,,,,,,,,,,,471.078
US-2013-140809,42036,,56.45,,,,,,,,,,
US-2013-142251,42309,,,,,,,32.064,,,,,
US-2013-144393,42306,,,,,,,,,,,17.616,
US-2013-146570,42140,,,,,,,,,,,,612.14
US-2013-147991,42130,,,,,,,,,,16.72,,
US-2013-148803,42350,,,,85.224,,,,,,,,
US-2013-148901,42139,,,,,,,,,,,191.018,
US-2013-150357,42288,,,,,,,,,,,24.703,
US-2013-150567,42142,,,,,,,,,,,29.97,
US-2013-153815,42315,,368.432,,,,,,,,,,
US-2013-155404,42270,,,,,,,,,,,,13.28
US-2013-156692,42230,,,,89.32,,,,,,,,
US-2013-158309,42335,,,3.744,,,,,,,,,
US-2013-159415,42112,,,,,,,,,,,79.12,
US-2013-161844,42348,,,,,,,,82.92,,,,
US-2013-162677,42090,187.616,,,,,,,,,,,
US-2013-164588,42111,,,,,,,,,,12.84,,
US-2013-164630,42008,,,,,,,,,,,959.968,
US-2013-167472,42162,678.87,,,,,,,,,,,
US-2013-168620,42363,,,,,,,,,823.61,,,
US-2013-169369,42351,,,,,,,,,,299.07,,
US-2014-100930,42467,,,,,,,,,,,,1735.8505
US-2014-102904,42687,,,,,,,,,,239.92,,
US-2014-105935,42396,,,,,,,,,,3002.65,,
US-2014-108063,42706,34.65,,,,,,,,,,,
US-2014-108315,42490,,,,,,,,,,,,225.546
US-2014-109610,42699,,,,,,,,701.96,,,,
US-2014-114356,42602,,,,,,,,,,,,35.96
US-2014-115252,42663,,,,,,,,,,,30.336,
US-2014-117450,42617,,,,,,,,,,107.552,,
US-2014-120390,42662,,,,,,,,,,,,1633.188
US-2014-120607,42509,,,,195.64,,,,,,,,
US-2014-126060,42474,,,,,,,,,,,198.272,
US-2014-126179,42554,,,,,,,,,,311.96,,
US-2014-128118,42698,,,,,,,,,,,76.521,
US-2014-128951,42566,,1065.84,,,,,,,,,,
US-2014-129224,42446,,,,,,,,,,,,4.608
US-2014-132031,42483,,,,,,,,,,,,513.496
US-2014-132297,42517,,,,,,,,,,,,598.31
US-2014-132675,42637,,,,,,,,,,,,148.16
US-2014-133781,42543,37.608,,,,,,,,,,,
US-2014-134642,42426,,,,,,,,,,428.704,,
US-2014-135062,42613,,,,,,,229.544,,,,,
US-2014-135503,42714,,,,,,,,,,,14.76,
US-2014-135986,42541,,,,,,,,,,536.36,,
US-2014-136189,42711,,,,,,,,,,82.38,,
US-2014-146822,42530,,,,,,,,,,49.12,,
US-2014-146878,42634,,,,,,,,,,12.294,,
US-2014-148768,42704,,,,,,,,,71.976,,,
US-2014-148831,42656,348.56,,,,,,,,,,,
US-2014-149510,42707,,,,,,,,,,98.446,,
US-2014-152492,42557,,,,239.24,,,,,,,,
US-2014-152842,42567,,,,,,,,,,242.352,,
US-2014-152898,42624,,,,,,,,,,67.9,,
US-2014-153633,42687,,,,,,,2.064,,,,,
US-2014-156083,42678,,,,,,,,,,,,9.664
US-2014-158526,42733,,,,,,,1814.68,,,,,
US-2014-159205,42460,,,,,,,,,732.93,,,
US-2014-162208,42609,,2.896,,,,,,,,,,
US-2014-162558,42645,,,2437.672,,,,,,,,,
US-2014-162670,42727,,,,,,,,1152.87,,,,
US-2014-163195,42418,,,,,,,29.16,,,,,
US-2014-165953,42370,,,,,,,,,,71.096,,
US-2014-166233,42554,,,,,,,,,,24,,
US-2014-166611,42457,,,,,,,,,,,68.742,
US-2014-167920,42713,,,,,,,1827.51,,,,,
US-2014-168116,42678,,,,,8167.42,,,,,,,
US-2014-168690,42377,,,,,,,,,,2.808,,
Grand Total,,20802.173,20792.607,7737.786,8132.409,9907.308,2977.456,49724.2545,35243.231,8791.127,116922.1345,55942.7865,54748.6325
