Ship Mode,Segment,Order ID,Order Date,Sales
First Class,Consumer,CA-2011-103366,41289,149.95
First Class,Consumer,CA-2011-109043,41501,243.6
First Class,Consumer,CA-2011-113166,41632,9.568
First Class,Consumer,CA-2011-124023,41371,8.96
First Class,Consumer,CA-2011-130155,41413,34.2
First Class,Consumer,CA-2011-136861,41522,31.984
First Class,Consumer,CA-2011-153927,41498,286.65
First Class,Consumer,CA-2011-157784,41460,514.03
First Class,Consumer,CA-2011-160094,41394,1000.95
First Class,Consumer,CA-2011-164749,41356,9.912
First Class,Consumer,CA-2011-166730,41638,39.128
First Class,Consumer,CA-2012-102722,41747,106.5
First Class,Consumer,CA-2012-102778,41964,18.176
First Class,Consumer,CA-2012-117828,41996,194.32
First Class,Consumer,CA-2012-130218,41721,59.48
First Class,Consumer,CA-2012-132318,41942,182.91
First Class,Consumer,CA-2012-137974,41745,2298.9
First Class,Consumer,CA-2012-138625,41945,197.72
First Class,Consumer,CA-2012-141327,41973,440.144
First Class,Consumer,CA-2012-149300,41965,32.985
First Class,Consumer,CA-2012-150560,41984,196.62
First Class,Consumer,CA-2012-165414,41994,47.976
First Class,Consumer,CA-2013-102092,42348,1056.86
First Class,Consumer,CA-2013-102498,42210,73.2
First Class,Consumer,CA-2013-110492,42047,1366.04
First Class,Consumer,CA-2013-119515,42231,15.552
First Class,Consumer,CA-2013-119823,42160,75.88
First Class,Consumer,CA-2013-124772,42344,191.82
First Class,Consumer,CA-2013-125843,42230,125.92
First Class,Consumer,CA-2013-130442,42355,34.944
First Class,Consumer,CA-2013-133872,42170,58.4
First Class,Consumer,CA-2013-145247,42130,79.14
First Class,Consumer,CA-2013-145499,42155,3.282
First Class,Consumer,CA-2013-147368,42165,695.7
First Class,Consumer,CA-2013-157280,42314,1120.73
First Class,Consumer,CA-2013-157364,42328,18.48
First Class,Consumer,CA-2013-164784,42126,377.346
First Class,Consumer,CA-2014-103212,42656,1541.51
First Class,Consumer,CA-2014-105620,42729,141
First Class,Consumer,CA-2014-108287,42722,12.672
First Class,Consumer,CA-2014-109589,42725,71
First Class,Consumer,CA-2014-110198,42491,318.96
First Class,Consumer,CA-2014-112774,42624,34.504
First Class,Consumer,CA-2014-115448,42685,88.92
First Class,Consumer,CA-2014-121314,42636,251.64
First Class,Consumer,CA-2014-121818,42694,52.696
First Class,Consumer,CA-2014-122154,42469,284.19
First Class,Consumer,CA-2014-122994,42407,359.97
First Class,Consumer,CA-2014-125472,42520,253.86
First Class,Consumer,CA-2014-126774,42475,4.89
First Class,Consumer,CA-2014-133235,42583,271.96
First Class,Consumer,CA-2014-138779,42384,29.664
First Class,Consumer,CA-2014-143756,42706,701.96
First Class,Consumer,CA-2014-151218,42541,4.464
First Class,Consumer,CA-2014-156769,42496,54.66
First Class,Consumer,CA-2014-158729,42723,1665.62
First Class,Consumer,CA-2014-158967,42714,19.104
First Class,Consumer,CA-2014-161053,42635,726.91
First Class,Consumer,CA-2014-162635,42652,10.816
First Class,Consumer,CA-2014-163335,42637,79
First Class,Consumer,US-2011-130358,41448,23.12
First Class,Consumer,US-2012-106495,41805,11.672
First Class,Consumer,US-2013-106600,42103,354.9
First Class,Consumer,US-2013-113649,42226,645.136
First Class,Consumer,US-2013-116400,42300,39.92
First Class,Consumer,US-2013-119298,42334,59.98
First Class,Consumer,US-2013-131891,42215,2.214
First Class,Consumer,US-2013-162677,42090,187.616
First Class,Consumer,US-2013-167472,42162,678.87
First Class,Consumer,US-2014-108063,42706,34.65
First Class,Consumer,US-2014-133781,42543,37.608
First Class,Consumer,US-2014-148831,42656,348.56
First Class,Corporate,CA-2011-103317,41460,242.546
First Class,Corporate,CA-2011-103989,41352,590.762
First Class,Corporate,CA-2011-106054,41280,12.78
First Class,Corporate,CA-2011-111934,41399,47.32
First Class,Corporate,CA-2011-124688,41513,1812.01
First Class,Corporate,CA-2011-125682,41600,9.96
First Class,Corporate,CA-2011-131905,41311,321.56
First Class,Corporate,CA-2011-163293,41525,116.85
First Class,Corporate,CA-2011-169684,41567,426.942
First Class,Corporate,CA-2012-104038,41676,176.63
First Class,Corporate,CA-2012-121720,41801,3165.744
First Class,Corporate,CA-2012-133396,41864,64.68
First Class,Corporate,CA-2012-140718,41822,246.364
First Class,Corporate,CA-2012-154746,41957,860.07
First Class,Corporate,CA-2012-156734,41808,670.001
First Class,Corporate,CA-2012-158323,41973,17.088
First Class,Corporate,CA-2013-112676,42130,14.352
First Class,Corporate,CA-2013-127208,42168,224.9
First Class,Corporate,CA-2013-133711,42335,3236.41
First Class,Corporate,CA-2013-153318,42303,783.96
First Class,Corporate,CA-2013-160598,42243,31.008
First Class,Corporate,CA-2013-162901,42092,31.4
First Class,Corporate,CA-2014-113481,42372,740.214
First Class,Corporate,CA-2014-115882,42627,1017.136
First Class,Corporate,CA-2014-117695,42587,13.76
First Class,Corporate,CA-2014-122707,42476,503.22
First Class,Corporate,CA-2014-123687,42516,234.2
First Class,Corporate,CA-2014-124828,42554,9.552
First Class,Corporate,CA-2014-129028,42461,127.95
First Class,Corporate,CA-2014-134810,42499,272.232
First Class,Corporate,CA-2014-147760,42678,1883.724
First Class,Corporate,CA-2014-155698,42437,668.54
First Class,Corporate,CA-2014-159464,42508,524.85
First Class,Corporate,CA-2014-161851,42475,15.57
First Class,Corporate,US-2012-131842,41978,97.424
First Class,Corporate,US-2013-101616,42251,87.28
First Class,Corporate,US-2013-140809,42036,56.45
First Class,Corporate,US-2013-153815,42315,368.432
First Class,Corporate,US-2014-128951,42566,1065.84
First Class,Corporate,US-2014-162208,42609,2.896
First Class,Home Office,CA-2011-132010,41560,389.74
First Class,Home Office,CA-2011-136567,41628,2884.37
First Class,Home Office,CA-2011-140165,41407,405.456
First Class,Home Office,CA-2013-149454,42211,10.44
First Class,Home Office,CA-2013-159142,42099,177.78
First Class,Home Office,CA-2013-162159,42264,121.78
First Class,Home Office,CA-2014-121419,42462,771.8
First Class,Home Office,CA-2014-132213,42485,109.968
First Class,Home Office,CA-2014-144456,42621,220.056
First Class,Home Office,CA-2014-155292,42673,204.98
First Class,Home Office,US-2013-158309,42335,3.744
First Class,Home Office,US-2014-162558,42645,2437.672
Same Day,Consumer,CA-2011-113047,41571,11.85
Same Day,Consumer,CA-2011-116239,41337,354.9
Same Day,Consumer,CA-2011-130428,41364,1142.165
Same Day,Consumer,CA-2011-131541,41483,193.152
Same Day,Consumer,CA-2011-142951,41555,23.472
Same Day,Consumer,CA-2011-152254,41455,310.688
Same Day,Consumer,CA-2012-117884,41720,598.352
Same Day,Consumer,CA-2012-136224,41790,10.272
Same Day,Consumer,CA-2012-155068,41935,78.456
Same Day,Consumer,CA-2013-101378,42200,29
Same Day,Consumer,CA-2013-105256,42145,1363.96
Same Day,Consumer,CA-2013-106894,42042,107.83
Same Day,Consumer,CA-2013-127698,42340,863.928
Same Day,Consumer,CA-2013-143308,42313,10.74
Same Day,Consumer,CA-2013-144344,42306,314.393
Same Day,Consumer,CA-2013-152163,42187,85.5
Same Day,Consumer,CA-2013-152471,42194,839.944
Same Day,Consumer,CA-2013-159653,42147,14.73
Same Day,Consumer,CA-2014-103065,42663,59.824
Same Day,Consumer,CA-2014-122987,42598,80.564
Same Day,Consumer,CA-2014-144498,42496,817.829
Same Day,Consumer,CA-2014-158883,42523,25.344
Same Day,Consumer,US-2011-114377,41583,149.9
Same Day,Consumer,US-2013-134761,42339,36.192
Same Day,Consumer,US-2013-148803,42350,85.224
Same Day,Consumer,US-2013-156692,42230,89.32
Same Day,Consumer,US-2014-120607,42509,195.64
Same Day,Consumer,US-2014-152492,42557,239.24
Same Day,Corporate,CA-2011-158771,41403,158.71
Same Day,Corporate,CA-2013-130820,42324,630.024
Same Day,Corporate,CA-2014-161046,42434,839.25
Same Day,Corporate,US-2012-130519,41897,111.904
Same Day,Corporate,US-2014-168116,42678,8167.42
Same Day,Home Office,CA-2011-165806,41371,259.29
Same Day,Home Office,CA-2012-100769,41775,255.968
Same Day,Home Office,CA-2013-136126,42149,261.1
Same Day,Home Office,CA-2014-133095,42525,117.62
Same Day,Home Office,CA-2014-149146,42655,7.968
Same Day,Home Office,US-2013-108504,42040,2075.51
Second Class,Consumer,CA-2011-100706,41624,129.44
Second Class,Consumer,CA-2011-101266,41513,13.36
Second Class,Consumer,CA-2011-109232,41287,545.94
Second Class,Consumer,CA-2011-110422,41295,25.248
Second Class,Consumer,CA-2011-115357,41492,62.91
Second Class,Consumer,CA-2011-120768,41627,1979.89
Second Class,Consumer,CA-2011-123925,41625,40.05
Second Class,Consumer,CA-2011-124618,41396,479.984
Second Class,Consumer,CA-2011-127488,41539,4.608
Second Class,Consumer,CA-2011-130918,41508,7.632
Second Class,Consumer,CA-2011-132612,41434,1441.3
Second Class,Consumer,CA-2011-142727,41393,69.9
Second Class,Consumer,CA-2011-145576,41531,26.128
Second Class,Consumer,CA-2011-154158,41631,619.848
Second Class,Consumer,CA-2011-155852,41336,19.456
Second Class,Consumer,CA-2011-156006,41394,47.79
Second Class,Consumer,CA-2011-156790,41494,155.456
Second Class,Consumer,CA-2011-158470,41383,129.33
Second Class,Consumer,CA-2011-166457,41399,40.54
Second Class,Consumer,CA-2011-169775,41515,709.0425
Second Class,Consumer,CA-2012-109386,41951,750.93
Second Class,Consumer,CA-2012-110345,41707,4.608
Second Class,Consumer,CA-2012-116638,41667,4297.644
Second Class,Consumer,CA-2012-128027,41896,269.49
Second Class,Consumer,CA-2012-134257,41714,498.93
Second Class,Consumer,CA-2012-150749,41727,5.56
Second Class,Consumer,CA-2012-153325,41699,58.72
Second Class,Consumer,CA-2012-153752,41979,173.94
Second Class,Consumer,CA-2012-155600,41977,1635.018
Second Class,Consumer,CA-2012-169733,41934,9.952
Second Class,Consumer,CA-2013-101525,42126,140.52
Second Class,Consumer,CA-2013-109722,42344,1284.8
Second Class,Consumer,CA-2013-113292,42082,871.8
Second Class,Consumer,CA-2013-116918,42279,36.364
Second Class,Consumer,CA-2013-120873,42305,290.98
Second Class,Consumer,CA-2013-123176,42275,31.83
Second Class,Consumer,CA-2013-131065,42323,513.52
Second Class,Consumer,CA-2013-136231,42253,228.586
Second Class,Consumer,CA-2013-137043,42362,859.14
Second Class,Consumer,CA-2013-140543,42185,191.88
Second Class,Consumer,CA-2013-141180,42140,7.764
Second Class,Consumer,CA-2013-149783,42252,131.104
Second Class,Consumer,CA-2013-149979,42271,487.22
Second Class,Consumer,CA-2013-152156,42317,993.9
Second Class,Consumer,CA-2013-154690,42232,225.296
Second Class,Consumer,CA-2013-155670,42230,21.504
Second Class,Consumer,CA-2013-158841,42037,8805.04
Second Class,Consumer,CA-2013-159765,42134,27.86
Second Class,Consumer,CA-2013-162355,42186,1302.83
Second Class,Consumer,CA-2013-164735,42109,81.2
Second Class,Consumer,CA-2013-168753,42154,1002.7
Second Class,Consumer,CA-2013-168893,42312,903.77
Second Class,Consumer,CA-2013-169334,42299,111.672
Second Class,Consumer,CA-2014-101210,42607,13.152
Second Class,Consumer,CA-2014-101273,42609,14.336
Second Class,Consumer,CA-2014-101483,42580,61.216
Second Class,Consumer,CA-2014-102309,42636,212.91
Second Class,Consumer,CA-2014-107209,42578,194.848
Second Class,Consumer,CA-2014-107461,42725,23.88
Second Class,Consumer,CA-2014-113705,42456,874.8
Second Class,Consumer,CA-2014-123239,42578,91.032
Second Class,Consumer,CA-2014-127726,42624,209.88
Second Class,Consumer,CA-2014-128629,42561,18.84
Second Class,Consumer,CA-2014-128699,42707,47.992
Second Class,Consumer,CA-2014-129021,42605,4590.344
Second Class,Consumer,CA-2014-129462,42537,740.59
Second Class,Consumer,CA-2014-130834,42677,16.272
Second Class,Consumer,CA-2014-139353,42671,273.088
Second Class,Consumer,CA-2014-140088,42518,301.96
Second Class,Consumer,CA-2014-144694,42637,253.824
Second Class,Consumer,CA-2014-145310,42726,7.824
Second Class,Consumer,CA-2014-146458,42693,22.96
Second Class,Consumer,CA-2014-155159,42699,48.87
Second Class,Consumer,CA-2014-155705,42603,866.4
Second Class,Consumer,CA-2014-160458,42517,25.92
Second Class,Consumer,CA-2014-161200,42588,161.14
Second Class,Consumer,CA-2014-163321,42589,79.992
Second Class,Consumer,CA-2014-163510,42729,400.39
Second Class,Consumer,CA-2014-165204,42687,728.968
Second Class,Consumer,CA-2014-167941,42680,831.368
Second Class,Consumer,US-2011-102715,41375,737.2
Second Class,Consumer,US-2011-117135,41446,425.67
Second Class,Consumer,US-2012-136749,41998,433.78
Second Class,Consumer,US-2012-151435,41888,85.98
Second Class,Consumer,US-2013-120929,42082,189.882
Second Class,Consumer,US-2013-142251,42309,32.064
Second Class,Consumer,US-2014-135062,42613,229.544
Second Class,Consumer,US-2014-153633,42687,2.064
Second Class,Consumer,US-2014-158526,42733,1814.68
Second Class,Consumer,US-2014-163195,42418,29.16
Second Class,Consumer,US-2014-167920,42713,1827.51
Second Class,Corporate,CA-2011-101560,41606,542.34
Second Class,Corporate,CA-2011-102988,41369,4251.92
Second Class,Corporate,CA-2011-110408,41565,2216.8
Second Class,Corporate,CA-2011-114790,41344,782.63
Second Class,Corporate,CA-2011-120432,41510,25.5
Second Class,Corporate,CA-2011-121286,41582,66.616
Second Class,Corporate,CA-2011-129819,41621,12.39
Second Class,Corporate,CA-2011-153913,41624,1015.816
Second Class,Corporate,CA-2011-162775,41287,1287.26
Second Class,Corporate,CA-2011-164910,41590,7.872
Second Class,Corporate,CA-2012-109470,42004,596.48
Second Class,Corporate,CA-2012-109708,41784,467.04
Second Class,Corporate,CA-2012-116750,41825,12.158
Second Class,Corporate,CA-2012-119592,41987,3.76
Second Class,Corporate,CA-2012-142202,41900,717.12
Second Class,Corporate,CA-2012-161445,41889,140.736
Second Class,Corporate,CA-2012-163237,41858,520.03
Second Class,Corporate,CA-2012-166604,41774,17.94
Second Class,Corporate,CA-2012-168004,41916,392.94
Second Class,Corporate,CA-2012-169677,41652,9.82
Second Class,Corporate,CA-2013-109407,42028,31.36
Second Class,Corporate,CA-2013-112697,42357,1410.066
Second Class,Corporate,CA-2013-113236,42151,232.624
Second Class,Corporate,CA-2013-122518,42068,10.08
Second Class,Corporate,CA-2013-134474,42009,255.904
Second Class,Corporate,CA-2013-143805,42340,2145.25
Second Class,Corporate,CA-2013-157161,42202,199.18
Second Class,Corporate,CA-2013-162236,42313,1106.924
Second Class,Corporate,CA-2013-162747,42084,86.45
Second Class,Corporate,CA-2013-163167,42337,2673.69
Second Class,Corporate,CA-2014-103009,42677,26.4
Second Class,Corporate,CA-2014-104864,42692,552.856
Second Class,Corporate,CA-2014-115070,42470,16.739
Second Class,Corporate,CA-2014-116113,42645,10.16
Second Class,Corporate,CA-2014-122693,42420,1245.86
Second Class,Corporate,CA-2014-128300,42698,406.94
Second Class,Corporate,CA-2014-133263,42460,3098.61
Second Class,Corporate,CA-2014-134495,42461,269.4
Second Class,Corporate,CA-2014-134649,42396,22.63
Second Class,Corporate,CA-2014-143567,42676,3291.07
Second Class,Corporate,CA-2014-145702,42509,342.24
Second Class,Corporate,CA-2014-153339,42677,15.992
Second Class,Corporate,CA-2014-153654,42698,19.008
Second Class,Corporate,CA-2014-158561,42685,1158.12
Second Class,Corporate,US-2012-140851,41833,38.88
Second Class,Corporate,US-2012-149629,41837,231.92
Second Class,Corporate,US-2013-138408,42327,1319.96
Second Class,Corporate,US-2013-161844,42348,82.92
Second Class,Corporate,US-2014-109610,42699,701.96
Second Class,Corporate,US-2014-162670,42727,1152.87
Second Class,Home Office,CA-2011-157609,41349,471.92
Second Class,Home Office,CA-2011-158274,41597,682.91
Second Class,Home Office,CA-2012-115847,41901,61.96
Second Class,Home Office,CA-2012-133977,41888,3.444
Second Class,Home Office,CA-2012-134992,41904,80.38
Second Class,Home Office,CA-2012-140830,41973,89.36
Second Class,Home Office,CA-2012-153549,41727,1166.92
Second Class,Home Office,CA-2013-109344,42043,1127.976
Second Class,Home Office,CA-2013-127985,42096,7.04
Second Class,Home Office,CA-2013-140977,42172,91.475
Second Class,Home Office,CA-2013-149111,42112,55.416
Second Class,Home Office,CA-2013-164350,42258,67.56
Second Class,Home Office,CA-2014-114055,42729,819.28
Second Class,Home Office,CA-2014-141446,42629,18
Second Class,Home Office,CA-2014-142671,42684,11.52
Second Class,Home Office,CA-2014-148922,42714,684.78
Second Class,Home Office,CA-2014-157931,42630,830.24
Second Class,Home Office,CA-2014-160899,42593,477.51
Second Class,Home Office,US-2012-113327,41785,352.168
Second Class,Home Office,US-2013-135209,42368,62.752
Second Class,Home Office,US-2013-168620,42363,823.61
Second Class,Home Office,US-2014-148768,42704,71.976
Second Class,Home Office,US-2014-159205,42460,732.93
Standard Class,Consumer,CA-2011-100895,41427,605.47
Standard Class,Consumer,CA-2011-104283,41452,616.14
Standard Class,Consumer,CA-2011-107573,41620,23.472
Standard Class,Consumer,CA-2011-110100,41389,302.376
Standard Class,Consumer,CA-2011-114335,41545,337.088
Standard Class,Consumer,CA-2011-116190,41481,256.48
Standard Class,Consumer,CA-2011-116407,41593,362.176
Standard Class,Consumer,CA-2011-116568,41622,186.304
Standard Class,Consumer,CA-2011-117016,41337,15.552
Standard Class,Consumer,CA-2011-120950,41584,43.68
Standard Class,Consumer,CA-2011-123400,41307,199.296
Standard Class,Consumer,CA-2011-127299,41536,2692.329
Standard Class,Consumer,CA-2011-127614,41316,1508.13
Standard Class,Consumer,CA-2011-128839,41525,254.97
Standard Class,Consumer,CA-2011-131527,41609,95.968
Standard Class,Consumer,CA-2011-134551,41628,732.312
Standard Class,Consumer,CA-2011-138296,41613,24.56
Standard Class,Consumer,CA-2011-138709,41459,37.44
Standard Class,Consumer,CA-2011-140886,41547,69.216
Standard Class,Consumer,CA-2011-143182,41562,15.384
Standard Class,Consumer,CA-2011-143840,41416,180.93
Standard Class,Consumer,CA-2011-146731,41581,147.344
Standard Class,Consumer,CA-2011-149958,41348,370.782
Standard Class,Consumer,CA-2011-152268,41519,1793.98
Standard Class,Consumer,CA-2011-155390,41614,42.208
Standard Class,Consumer,CA-2011-159184,41531,149.56
Standard Class,Consumer,CA-2011-159681,41615,105.52
Standard Class,Consumer,CA-2011-161634,41592,32.4
Standard Class,Consumer,CA-2011-163013,41606,14.67
Standard Class,Consumer,CA-2011-164315,41366,1220.67
Standard Class,Consumer,CA-2011-165764,41581,1395.673
Standard Class,Consumer,CA-2011-166051,41425,773.7
Standard Class,Consumer,CA-2011-169257,41431,63.381
Standard Class,Consumer,CA-2012-100888,41735,47.952
Standard Class,Consumer,CA-2012-101868,41799,175.32
Standard Class,Consumer,CA-2012-102491,41875,3747.93
Standard Class,Consumer,CA-2012-102582,41897,1918.79
Standard Class,Consumer,CA-2012-103093,41673,74.52
Standard Class,Consumer,CA-2012-104115,41802,55.984
Standard Class,Consumer,CA-2012-107678,41750,893.09
Standard Class,Consumer,CA-2012-108119,41944,301.96
Standard Class,Consumer,CA-2012-110247,41977,8.226
Standard Class,Consumer,CA-2012-111199,41956,115.296
Standard Class,Consumer,CA-2012-111703,41822,27.504
Standard Class,Consumer,CA-2012-112375,41994,78.192
Standard Class,Consumer,CA-2012-114300,41925,371.66
Standard Class,Consumer,CA-2012-114503,41956,84.96
Standard Class,Consumer,CA-2012-115938,41816,535.36
Standard Class,Consumer,CA-2012-118444,41948,387.136
Standard Class,Consumer,CA-2012-118843,41895,199.86
Standard Class,Consumer,CA-2012-119480,41648,364.07
Standard Class,Consumer,CA-2012-119634,41862,46.152
Standard Class,Consumer,CA-2012-120516,41864,5.64
Standard Class,Consumer,CA-2012-120621,41719,1270.379
Standard Class,Consumer,CA-2012-122266,41755,194.1395
Standard Class,Consumer,CA-2012-123092,41976,288.85
Standard Class,Consumer,CA-2012-123330,41811,107.976
Standard Class,Consumer,CA-2012-125563,41740,121.888
Standard Class,Consumer,CA-2012-125976,41909,2026.78
Standard Class,Consumer,CA-2012-128139,41823,365.91
Standard Class,Consumer,CA-2012-129098,41921,30.84
Standard Class,Consumer,CA-2012-133242,41808,1046.47
Standard Class,Consumer,CA-2012-134719,41922,1801.632
Standard Class,Consumer,CA-2012-134782,42000,105.42
Standard Class,Consumer,CA-2012-134894,41980,436.86
Standard Class,Consumer,CA-2012-136147,41956,233.064
Standard Class,Consumer,CA-2012-138457,41895,13.092
Standard Class,Consumer,CA-2012-141145,41899,87.168
Standard Class,Consumer,CA-2012-141565,41902,1664.132
Standard Class,Consumer,CA-2012-142755,41886,919.49
Standard Class,Consumer,CA-2012-143119,41906,517.5
Standard Class,Consumer,CA-2012-143532,41717,14.496
Standard Class,Consumer,CA-2012-144288,41998,19.584
Standard Class,Consumer,CA-2012-145352,41714,6412.77
Standard Class,Consumer,CA-2012-147879,41766,45.68
Standard Class,Consumer,CA-2012-148705,41710,5.04
Standard Class,Consumer,CA-2012-151547,41656,88.96
Standard Class,Consumer,CA-2012-153535,41779,169.544
Standard Class,Consumer,CA-2012-153626,41829,5.16
Standard Class,Consumer,CA-2012-155635,41768,48.81
Standard Class,Consumer,CA-2012-156328,41973,177.48
Standard Class,Consumer,CA-2012-158148,41993,36.27
Standard Class,Consumer,CA-2012-158421,41903,3631.96
Standard Class,Consumer,CA-2012-162537,41940,104.51
Standard Class,Consumer,CA-2012-162761,41921,50.462
Standard Class,Consumer,CA-2012-163965,41963,377.902
Standard Class,Consumer,CA-2012-165624,41874,1142.43
Standard Class,Consumer,CA-2012-167696,41898,31.12
Standard Class,Consumer,CA-2012-168459,41965,58.05
Standard Class,Consumer,CA-2012-169740,41690,29.99
Standard Class,Consumer,CA-2013-101469,42188,7.7
Standard Class,Consumer,CA-2013-102162,42259,1611.01
Standard Class,Consumer,CA-2013-104157,42211,2503.47
Standard Class,Consumer,CA-2013-104276,42336,447.783
Standard Class,Consumer,CA-2013-106950,42250,1854.241
Standard Class,Consumer,CA-2013-108105,42051,323.88
Standard Class,Consumer,CA-2013-108567,42145,2.694
Standard Class,Consumer,CA-2013-108616,42277,298.83
Standard Class,Consumer,CA-2013-111409,42266,3
Standard Class,Consumer,CA-2013-111605,42366,2.61
Standard Class,Consumer,CA-2013-112102,42107,448.81
Standard Class,Consumer,CA-2013-113733,42347,334.256
Standard Class,Consumer,CA-2013-113747,42153,185.88
Standard Class,Consumer,CA-2013-116232,42270,24.066
Standard Class,Consumer,CA-2013-117604,42252,239.5
Standard Class,Consumer,CA-2013-118514,42038,866.4
Standard Class,Consumer,CA-2013-118626,42232,705.544
Standard Class,Consumer,CA-2013-121958,42322,52.136
Standard Class,Consumer,CA-2013-131205,42252,291.74
Standard Class,Consumer,CA-2013-132549,42334,73.36
Standard Class,Consumer,CA-2013-133123,42254,99.156
Standard Class,Consumer,CA-2013-133368,42018,405.344
Standard Class,Consumer,CA-2013-134208,42265,396
Standard Class,Consumer,CA-2013-135636,42286,387.72
Standard Class,Consumer,CA-2013-136483,42340,4.704
Standard Class,Consumer,CA-2013-137736,42319,41.86
Standard Class,Consumer,CA-2013-139381,42113,233.48
Standard Class,Consumer,CA-2013-140641,42306,38.19
Standard Class,Consumer,CA-2013-142370,42267,254.99
Standard Class,Consumer,CA-2013-142895,42207,370.184
Standard Class,Consumer,CA-2013-145905,42266,1264.14
Standard Class,Consumer,CA-2013-146143,42353,133.38
Standard Class,Consumer,CA-2013-146150,42049,264.18
Standard Class,Consumer,CA-2013-148684,42364,870.04
Standard Class,Consumer,CA-2013-150000,42103,17.92
Standard Class,Consumer,CA-2013-154060,42127,187.056
Standard Class,Consumer,CA-2013-155138,42256,99.872
Standard Class,Consumer,CA-2013-156503,42292,305.248
Standard Class,Consumer,CA-2013-156573,42154,60.485
Standard Class,Consumer,CA-2013-157245,42144,641.96
Standard Class,Consumer,CA-2013-157588,42200,88.15
Standard Class,Consumer,CA-2013-159989,42348,40.68
Standard Class,Consumer,CA-2013-160234,42182,135.95
Standard Class,Consumer,CA-2013-160486,42369,72.224
Standard Class,Consumer,CA-2013-163174,42243,186.54
Standard Class,Consumer,CA-2013-163776,42205,1110.5
Standard Class,Consumer,CA-2013-164574,42215,732.156
Standard Class,Consumer,CA-2013-166282,42111,158.256
Standard Class,Consumer,CA-2013-166485,42055,16.496
Standard Class,Consumer,CA-2013-168536,42359,66.3
Standard Class,Consumer,CA-2013-169103,42072,1466.32
Standard Class,Consumer,CA-2014-100426,42525,12.48
Standard Class,Consumer,CA-2014-100622,42677,1030.742
Standard Class,Consumer,CA-2014-100902,42691,699.4
Standard Class,Consumer,CA-2014-101042,42693,843.84
Standard Class,Consumer,CA-2014-102204,42491,3740.51
Standard Class,Consumer,CA-2014-102610,42678,248.396
Standard Class,Consumer,CA-2014-102736,42618,177.08
Standard Class,Consumer,CA-2014-103499,42694,209.568
Standard Class,Consumer,CA-2014-104731,42572,951.98
Standard Class,Consumer,CA-2014-106537,42594,20.736
Standard Class,Consumer,CA-2014-108035,42703,491.888
Standard Class,Consumer,CA-2014-108112,42689,559.2
Standard Class,Consumer,CA-2014-109183,42708,649
Standard Class,Consumer,CA-2014-110926,42693,25.06
Standard Class,Consumer,CA-2014-114412,42475,15.552
Standard Class,Consumer,CA-2014-114636,42607,192.16
Standard Class,Consumer,CA-2014-116855,42721,504.9
Standard Class,Consumer,CA-2014-116939,42638,177.55
Standard Class,Consumer,CA-2014-117079,42666,863.88
Standard Class,Consumer,CA-2014-117198,42613,659.9
Standard Class,Consumer,CA-2014-118402,42642,243.92
Standard Class,Consumer,CA-2014-119004,42697,105.408
Standard Class,Consumer,CA-2014-119305,42704,173.8
Standard Class,Consumer,CA-2014-119669,42394,5.67
Standard Class,Consumer,CA-2014-120894,42488,28.08
Standard Class,Consumer,CA-2014-121804,42432,72.8
Standard Class,Consumer,CA-2014-122056,42534,181.86
Standard Class,Consumer,CA-2014-123351,42634,80.48
Standard Class,Consumer,CA-2014-124296,42728,712.85
Standard Class,Consumer,CA-2014-124765,42699,723.92
Standard Class,Consumer,CA-2014-126354,42404,119.178
Standard Class,Consumer,CA-2014-126914,42536,776.08
Standard Class,Consumer,CA-2014-127306,42384,175.086
Standard Class,Consumer,CA-2014-128363,42595,2382.926
Standard Class,Consumer,CA-2014-128755,42494,629.86
Standard Class,Consumer,CA-2014-130309,42721,544.38
Standard Class,Consumer,CA-2014-130904,42471,22.744
Standard Class,Consumer,CA-2014-132185,42701,52.344
Standard Class,Consumer,CA-2014-133501,42609,5.184
Standard Class,Consumer,CA-2014-133641,42504,48.69
Standard Class,Consumer,CA-2014-133928,42532,4.572
Standard Class,Consumer,CA-2014-135587,42711,372.64
Standard Class,Consumer,CA-2014-137631,42488,751.984
Standard Class,Consumer,CA-2014-138975,42509,2361.52
Standard Class,Consumer,CA-2014-139493,42626,15.92
Standard Class,Consumer,CA-2014-139948,42568,7.904
Standard Class,Consumer,CA-2014-140627,42727,303.32
Standard Class,Consumer,CA-2014-140872,42524,1111.698
Standard Class,Consumer,CA-2014-142090,42704,2165.658
Standard Class,Consumer,CA-2014-143861,42533,17.088
Standard Class,Consumer,CA-2014-144365,42667,11.68
Standard Class,Consumer,CA-2014-145275,42462,14.94
Standard Class,Consumer,CA-2014-145737,42628,163.96
Standard Class,Consumer,CA-2014-146136,42616,24.448
Standard Class,Consumer,CA-2014-146192,42482,675.06
Standard Class,Consumer,CA-2014-146983,42615,1577.94
Standard Class,Consumer,CA-2014-147228,42622,458.984
Standard Class,Consumer,CA-2014-148999,42400,419.136
Standard Class,Consumer,CA-2014-149853,42646,33.472
Standard Class,Consumer,CA-2014-150910,42726,1090.348
Standard Class,Consumer,CA-2014-152786,42441,40.41
Standard Class,Consumer,CA-2014-152968,42516,23.08
Standard Class,Consumer,CA-2014-154088,42686,26.72
Standard Class,Consumer,CA-2014-158386,42659,124.75
Standard Class,Consumer,CA-2014-158743,42663,199.17
Standard Class,Consumer,CA-2014-159954,42623,2.78
Standard Class,Consumer,CA-2014-161970,42635,30.9
Standard Class,Consumer,CA-2014-162173,42669,608.43
Standard Class,Consumer,CA-2014-165687,42691,35.04
Standard Class,Consumer,CA-2014-165715,42706,32.776
Standard Class,Consumer,CA-2014-167871,42692,47.328
Standard Class,Consumer,CA-2014-169005,42676,5.56
Standard Class,Consumer,US-2011-115196,41526,1299.99
Standard Class,Consumer,US-2011-117170,41534,52.608
Standard Class,Consumer,US-2011-147627,41294,1859.4
Standard Class,Consumer,US-2011-150574,41627,252.612
Standard Class,Consumer,US-2011-155544,41354,310.528
Standard Class,Consumer,US-2011-156559,41505,638.82
Standard Class,Consumer,US-2011-158057,41355,59.109
Standard Class,Consumer,US-2011-165659,41426,904.13
Standard Class,Consumer,US-2011-167633,41547,15.552
Standard Class,Consumer,US-2012-108966,41923,979.9455
Standard Class,Consumer,US-2012-120572,41984,12.828
Standard Class,Consumer,US-2012-123960,41801,207.82
Standard Class,Consumer,US-2012-129553,41847,29.97
Standard Class,Consumer,US-2012-134026,41755,1001.76
Standard Class,Consumer,US-2012-145436,41698,551.264
Standard Class,Consumer,US-2012-164357,41968,13.12
Standard Class,Consumer,US-2012-168732,41983,129.64
Standard Class,Consumer,US-2012-168935,41970,459.4335
Standard Class,Consumer,US-2013-121013,42253,1678
Standard Class,Consumer,US-2013-132857,42350,6.672
Standard Class,Consumer,US-2013-135923,42026,530.272
Standard Class,Consumer,US-2013-137295,42012,187.228
Standard Class,Consumer,US-2013-147991,42130,16.72
Standard Class,Consumer,US-2013-164588,42111,12.84
Standard Class,Consumer,US-2013-169369,42351,299.07
Standard Class,Consumer,US-2014-102904,42687,239.92
Standard Class,Consumer,US-2014-105935,42396,3002.65
Standard Class,Consumer,US-2014-117450,42617,107.552
Standard Class,Consumer,US-2014-126179,42554,311.96
Standard Class,Consumer,US-2014-134642,42426,428.704
Standard Class,Consumer,US-2014-135986,42541,536.36
Standard Class,Consumer,US-2014-136189,42711,82.38
Standard Class,Consumer,US-2014-146822,42530,49.12
Standard Class,Consumer,US-2014-146878,42634,12.294
Standard Class,Consumer,US-2014-149510,42707,98.446
Standard Class,Consumer,US-2014-152842,42567,242.352
Standard Class,Consumer,US-2014-152898,42624,67.9
Standard Class,Consumer,US-2014-165953,42370,71.096
Standard Class,Consumer,US-2014-166233,42554,24
Standard Class,Consumer,US-2014-168690,42377,2.808
Standard Class,Corporate,CA-2011-100916,41568,788.86
Standard Class,Corporate,CA-2011-101770,41364,1.869
Standard Class,Corporate,CA-2011-102274,41599,865.5
Standard Class,Corporate,CA-2011-102673,41579,1044.44
Standard Class,Corporate,CA-2011-103807,41610,21.19
Standard Class,Corporate,CA-2011-106810,41408,310.88
Standard Class,Corporate,CA-2011-107811,41393,661.504
Standard Class,Corporate,CA-2011-111500,41503,484.79
Standard Class,Corporate,CA-2011-112718,41624,1.167
Standard Class,Corporate,CA-2011-114314,41558,16.23
Standard Class,Corporate,CA-2011-114321,41506,1417.35
Standard Class,Corporate,CA-2011-115084,41565,605.34
Standard Class,Corporate,CA-2011-117345,41487,202.896
Standard Class,Corporate,CA-2011-117639,41415,3333.9
Standard Class,Corporate,CA-2011-125136,41545,106.944
Standard Class,Corporate,CA-2011-128846,41371,752.92
Standard Class,Corporate,CA-2011-129091,41600,1022.61
Standard Class,Corporate,CA-2011-136336,41385,828.84
Standard Class,Corporate,CA-2011-137911,41556,88.768
Standard Class,Corporate,CA-2011-138527,41529,192.424
Standard Class,Corporate,CA-2011-146885,41424,13.62
Standard Class,Corporate,CA-2011-148425,41608,6.642
Standard Class,Corporate,CA-2011-149020,41284,54.83
Standard Class,Corporate,CA-2011-149538,41368,364.93
Standard Class,Corporate,CA-2011-151953,41537,2.816
Standard Class,Corporate,CA-2011-151967,41569,129.92
Standard Class,Corporate,CA-2011-152562,41579,75.16
Standard Class,Corporate,CA-2011-152849,41460,4.368
Standard Class,Corporate,CA-2011-153087,41635,521.92
Standard Class,Corporate,CA-2011-155208,41380,39.072
Standard Class,Corporate,CA-2011-160276,41366,177.68
Standard Class,Corporate,CA-2011-160773,41456,581.104
Standard Class,Corporate,CA-2011-163223,41354,3769.56
Standard Class,Corporate,CA-2011-167850,41495,193.936
Standard Class,Corporate,CA-2012-103793,41724,74.352
Standard Class,Corporate,CA-2012-103870,42000,284.44
Standard Class,Corporate,CA-2012-104241,41643,192.22
Standard Class,Corporate,CA-2012-104941,41803,976.29
Standard Class,Corporate,CA-2012-105571,41950,1361.631
Standard Class,Corporate,CA-2012-106187,41813,268.4
Standard Class,Corporate,CA-2012-108259,41951,81.135
Standard Class,Corporate,CA-2012-113628,41955,792.508
Standard Class,Corporate,CA-2012-120845,41907,22.549
Standard Class,Corporate,CA-2012-121552,41720,19.56
Standard Class,Corporate,CA-2012-122168,41872,53.28
Standard Class,Corporate,CA-2012-125066,41987,62.46
Standard Class,Corporate,CA-2012-128083,41710,45.976
Standard Class,Corporate,CA-2012-131422,41948,207
Standard Class,Corporate,CA-2012-137106,41729,79.96
Standard Class,Corporate,CA-2012-137281,41803,6.48
Standard Class,Corporate,CA-2012-147011,41808,13.632
Standard Class,Corporate,CA-2012-147102,41901,66.36
Standard Class,Corporate,CA-2012-147529,41677,324.11
Standard Class,Corporate,CA-2012-149342,41749,896.31
Standard Class,Corporate,CA-2012-149734,41885,200.984
Standard Class,Corporate,CA-2012-150308,41988,246.168
Standard Class,Corporate,CA-2012-151624,41890,21.36
Standard Class,Corporate,CA-2012-153038,41991,94.688
Standard Class,Corporate,CA-2012-154291,41845,457.04
Standard Class,Corporate,CA-2012-154921,41782,186.69
Standard Class,Corporate,CA-2012-155453,41860,4.608
Standard Class,Corporate,CA-2012-160696,41888,7.24
Standard Class,Corporate,CA-2012-161998,41760,277.632
Standard Class,Corporate,CA-2012-162201,41798,937.608
Standard Class,Corporate,CA-2012-164427,41851,239.7
Standard Class,Corporate,CA-2012-166975,41969,692.472
Standard Class,Corporate,CA-2012-169572,41888,46.62
Standard Class,Corporate,CA-2013-106558,42021,316
Standard Class,Corporate,CA-2013-109743,42270,104.712
Standard Class,Corporate,CA-2013-109911,42137,10.96
Standard Class,Corporate,CA-2013-112277,42258,519.68
Standard Class,Corporate,CA-2013-113831,42155,4317.3
Standard Class,Corporate,CA-2013-113845,42329,574.056
Standard Class,Corporate,CA-2013-114713,42193,45.584
Standard Class,Corporate,CA-2013-115504,42076,12.96
Standard Class,Corporate,CA-2013-116764,42244,9.216
Standard Class,Corporate,CA-2013-118073,42229,562.2925
Standard Class,Corporate,CA-2013-118178,42083,31.086
Standard Class,Corporate,CA-2013-119074,42091,92.7
Standard Class,Corporate,CA-2013-123617,42337,7.434
Standard Class,Corporate,CA-2013-123946,42260,1159.06
Standard Class,Corporate,CA-2013-124254,42107,191.808
Standard Class,Corporate,CA-2013-125017,42041,132.224
Standard Class,Corporate,CA-2013-130001,42118,36.24
Standard Class,Corporate,CA-2013-134516,42268,115.48
Standard Class,Corporate,CA-2013-138695,42153,452.464
Standard Class,Corporate,CA-2013-139689,42368,40.896
Standard Class,Corporate,CA-2013-140928,42266,383.438
Standard Class,Corporate,CA-2013-142097,42293,342.76
Standard Class,Corporate,CA-2013-145709,42282,64.248
Standard Class,Corporate,CA-2013-157763,42204,140.81
Standard Class,Corporate,CA-2013-165316,42209,324.387
Standard Class,Corporate,CA-2013-165827,42313,50.496
Standard Class,Corporate,CA-2013-166380,42155,138.53
Standard Class,Corporate,CA-2014-104318,42503,20.768
Standard Class,Corporate,CA-2014-107167,42531,1347.52
Standard Class,Corporate,CA-2014-108322,42490,26.056
Standard Class,Corporate,CA-2014-110310,42670,68.967
Standard Class,Corporate,CA-2014-119284,42536,2942.784
Standard Class,Corporate,CA-2014-125745,42551,19.52
Standard Class,Corporate,CA-2014-126046,42677,12.39
Standard Class,Corporate,CA-2014-126382,42524,35.168
Standard Class,Corporate,CA-2014-127803,42509,26.16
Standard Class,Corporate,CA-2014-128769,42620,81.568
Standard Class,Corporate,CA-2014-136826,42537,14.016
Standard Class,Corporate,CA-2014-139619,42632,95.616
Standard Class,Corporate,CA-2014-141614,42526,20.736
Standard Class,Corporate,CA-2014-147333,42718,204.55
Standard Class,Corporate,CA-2014-147361,42622,685.26
Standard Class,Corporate,CA-2014-148810,42547,287.424
Standard Class,Corporate,CA-2014-151855,42517,39.252
Standard Class,Corporate,CA-2014-154816,42680,5.78
Standard Class,Corporate,CA-2014-155824,42439,61.876
Standard Class,Corporate,CA-2014-156272,42450,64.384
Standard Class,Corporate,CA-2014-157854,42468,2747.25
Standard Class,Corporate,CA-2014-158407,42525,103.968
Standard Class,Corporate,CA-2014-159100,42659,1893.786
Standard Class,Corporate,CA-2014-160017,42641,10.368
Standard Class,Corporate,CA-2014-160724,42495,34.5
Standard Class,Corporate,CA-2014-161130,42677,361.376
Standard Class,Corporate,CA-2014-161592,42466,8.1
Standard Class,Corporate,CA-2014-163629,42691,286.09
Standard Class,Corporate,CA-2014-164756,42631,997.83
Standard Class,Corporate,CA-2014-164917,42706,47.96
Standard Class,Corporate,CA-2014-165029,42700,12.84
Standard Class,Corporate,CA-2014-168102,42484,113.568
Standard Class,Corporate,CA-2014-168389,42715,873.811
Standard Class,Corporate,CA-2014-169012,42561,41.91
Standard Class,Corporate,US-2011-107405,41354,16.272
Standard Class,Corporate,US-2011-109162,41433,170.352
Standard Class,Corporate,US-2011-118997,41372,1215.92
Standard Class,Corporate,US-2011-143581,41505,344.91
Standard Class,Corporate,US-2011-147774,41294,67.194
Standard Class,Corporate,US-2011-156216,41530,18.648
Standard Class,Corporate,US-2011-157231,41369,115.36
Standard Class,Corporate,US-2011-164763,41350,103.5
Standard Class,Corporate,US-2012-112508,41722,6.992
Standard Class,Corporate,US-2012-136476,41734,157.794
Standard Class,Corporate,US-2012-148817,41974,125.64
Standard Class,Corporate,US-2012-158911,41825,16.712
Standard Class,Corporate,US-2013-102232,42222,197.05
Standard Class,Corporate,US-2013-144393,42306,17.616
Standard Class,Corporate,US-2013-148901,42139,191.018
Standard Class,Corporate,US-2013-150357,42288,24.703
Standard Class,Corporate,US-2013-150567,42142,29.97
Standard Class,Corporate,US-2013-159415,42112,79.12
Standard Class,Corporate,US-2013-164630,42008,959.968
Standard Class,Corporate,US-2014-115252,42663,30.336
Standard Class,Corporate,US-2014-126060,42474,198.272
Standard Class,Corporate,US-2014-128118,42698,76.521
Standard Class,Corporate,US-2014-135503,42714,14.76
Standard Class,Corporate,US-2014-166611,42457,68.742
Standard Class,Home Office,CA-2011-100293,41347,91.056
Standard Class,Home Office,CA-2011-108707,41571,10.368
Standard Class,Home Office,CA-2011-120670,41580,799.92
Standard Class,Home Office,CA-2011-122217,41602,111.15
Standard Class,Home Office,CA-2011-133634,41583,47.79
Standard Class,Home Office,CA-2011-134621,41629,18.24
Standard Class,Home Office,CA-2011-145317,41351,23661.228
Standard Class,Home Office,CA-2011-148285,41574,22.32
Standard Class,Home Office,CA-2011-156244,41498,457.744
Standard Class,Home Office,CA-2011-167199,41280,4374.88
Standard Class,Home Office,CA-2012-102260,41904,763.508
Standard Class,Home Office,CA-2012-103135,41844,525.95
Standard Class,Home Office,CA-2012-103772,41818,260.31
Standard Class,Home Office,CA-2012-110947,41799,113.1
Standard Class,Home Office,CA-2012-115091,41917,75.04
Standard Class,Home Office,CA-2012-125696,41914,7.38
Standard Class,Home Office,CA-2012-128958,41663,13.12
Standard Class,Home Office,CA-2012-135510,41887,67.96
Standard Class,Home Office,CA-2012-141754,41993,11.696
Standard Class,Home Office,CA-2012-145324,41958,39.96
Standard Class,Home Office,CA-2012-160059,41970,6.24
Standard Class,Home Office,CA-2012-163923,41789,151.96
Standard Class,Home Office,CA-2013-100307,42354,19.44
Standard Class,Home Office,CA-2013-105662,42130,270.728
Standard Class,Home Office,CA-2013-105753,42298,61.1
Standard Class,Home Office,CA-2013-110254,42221,158.81
Standard Class,Home Office,CA-2013-118934,42226,16.218
Standard Class,Home Office,CA-2013-121020,42302,239.976
Standard Class,Home Office,CA-2013-123414,42238,37.264
Standard Class,Home Office,CA-2013-123533,42333,392.832
Standard Class,Home Office,CA-2013-131968,42320,681.432
Standard Class,Home Office,CA-2013-134789,42103,215.84
Standard Class,Home Office,CA-2013-136322,42299,74.32
Standard Class,Home Office,CA-2013-139269,42150,1311.97
Standard Class,Home Office,CA-2013-140571,42079,365.44
Standard Class,Home Office,CA-2013-146171,42075,558.24
Standard Class,Home Office,CA-2013-151155,42359,34.34
Standard Class,Home Office,CA-2013-154403,42148,4.98
Standard Class,Home Office,CA-2013-155439,42262,25.92
Standard Class,Home Office,CA-2013-159212,42310,273.59
Standard Class,Home Office,CA-2013-159891,42035,1396.35
Standard Class,Home Office,CA-2013-165470,42334,5.08
Standard Class,Home Office,CA-2013-169026,42225,23.34
Standard Class,Home Office,CA-2014-100412,42726,141.96
Standard Class,Home Office,CA-2014-102554,42532,3.76
Standard Class,Home Office,CA-2014-110212,42491,48.9
Standard Class,Home Office,CA-2014-113558,42664,729.648
Standard Class,Home Office,CA-2014-120705,42618,147.184
Standard Class,Home Office,CA-2014-124597,42490,32.088
Standard Class,Home Office,CA-2014-124898,42624,184.66
Standard Class,Home Office,CA-2014-125752,42582,41.424
Standard Class,Home Office,CA-2014-127516,42732,64.784
Standard Class,Home Office,CA-2014-128475,42608,71.98
Standard Class,Home Office,CA-2014-129490,42639,419.136
Standard Class,Home Office,CA-2014-129910,42459,59.76
Standard Class,Home Office,CA-2014-134096,42637,399.53
Standard Class,Home Office,CA-2014-139787,42632,35.4
Standard Class,Home Office,CA-2014-146535,42698,1446.84
Standard Class,Home Office,CA-2014-148166,42664,17.856
Standard Class,Home Office,CA-2014-148404,42650,1027.21
Standard Class,Home Office,CA-2014-148474,42533,544.14
Standard Class,Home Office,CA-2014-150931,42376,33.74
Standard Class,Home Office,CA-2014-151211,42599,201.09
Standard Class,Home Office,CA-2014-154123,42694,27.58
Standard Class,Home Office,CA-2014-155089,42706,45.66
Standard Class,Home Office,CA-2014-159135,42678,4.3
Standard Class,Home Office,CA-2014-159667,42683,691.144
Standard Class,Home Office,CA-2014-160423,42391,383.992
Standard Class,Home Office,CA-2014-161088,42515,29.84
Standard Class,Home Office,CA-2014-162033,42455,57.01
Standard Class,Home Office,CA-2014-165904,42467,235.44
Standard Class,Home Office,US-2011-125521,41347,1139.92
Standard Class,Home Office,US-2011-138835,41527,9.64
Standard Class,Home Office,US-2011-155502,41300,944.61
Standard Class,Home Office,US-2011-155817,41550,67.76
Standard Class,Home Office,US-2013-108637,42077,334.2
Standard Class,Home Office,US-2013-109260,42274,431.976
Standard Class,Home Office,US-2013-123750,42110,895.06
Standard Class,Home Office,US-2013-139262,42056,471.078
Standard Class,Home Office,US-2013-146570,42140,612.14
Standard Class,Home Office,US-2013-155404,42270,13.28
Standard Class,Home Office,US-2014-100930,42467,1735.8505
Standard Class,Home Office,US-2014-108315,42490,225.546
Standard Class,Home Office,US-2014-114356,42602,35.96
Standard Class,Home Office,US-2014-120390,42662,1633.188
Standard Class,Home Office,US-2014-129224,42446,4.608
Standard Class,Home Office,US-2014-132031,42483,513.496
Standard Class,Home Office,US-2014-132297,42517,598.31
Standard Class,Home Office,US-2014-132675,42637,148.16
Standard Class,Home Office,US-2014-156083,42678,9.664
